-- --------------------------------------------------------
-- Хост:                         localhost
-- Версия сервера:               5.7.24 - MySQL Community Server (GPL)
-- Операционная система:         Win64
-- HeidiSQL Версия:              10.2.0.5599
-- --------------------------------------------------------

/*!40101 SET @OLD_CHARACTER_SET_CLIENT=@@CHARACTER_SET_CLIENT */;
/*!40101 SET NAMES utf8 */;
/*!50503 SET NAMES utf8mb4 */;
/*!40014 SET @OLD_FOREIGN_KEY_CHECKS=@@FOREIGN_KEY_CHECKS, FOREIGN_KEY_CHECKS=0 */;
/*!40101 SET @OLD_SQL_MODE=@@SQL_MODE, SQL_MODE='NO_AUTO_VALUE_ON_ZERO' */;


-- Дамп структуры базы данных kaf
CREATE DATABASE IF NOT EXISTS `kaf` /*!40100 DEFAULT CHARACTER SET utf8 */;
USE `kaf`;

-- Дамп структуры для таблица kaf.authsessions
CREATE TABLE IF NOT EXISTS `authsessions` (
  `id` int(11) NOT NULL AUTO_INCREMENT,
  `user_id` int(11) DEFAULT '0',
  `auth_code` varchar(50) DEFAULT NULL,
  `user_agent` varchar(300) DEFAULT NULL,
  `used` int(1) DEFAULT '0',
  `ip` varchar(50) DEFAULT NULL,
  `last_login` timestamp NULL DEFAULT CURRENT_TIMESTAMP ON UPDATE CURRENT_TIMESTAMP,
  KEY `Индекс 1` (`id`),
  KEY `FK_users.login_users` (`user_id`),
  CONSTRAINT `FK_users.login_users` FOREIGN KEY (`user_id`) REFERENCES `users` (`id`)
) ENGINE=InnoDB AUTO_INCREMENT=54 DEFAULT CHARSET=utf8;

-- Дамп данных таблицы kaf.authsessions: ~3 rows (приблизительно)
/*!40000 ALTER TABLE `authsessions` DISABLE KEYS */;
INSERT INTO `authsessions` (`id`, `user_id`, `auth_code`, `user_agent`, `used`, `ip`, `last_login`) VALUES
	(50, 3, '594103', 'Mozilla/5.0 (Windows NT 10.0; Win64; x64) AppleWebKit/537.36 (KHTML, like Gecko) Chrome/85.0.4183.121 Safari/537.36', 2, '127.0.0.1', '2020-09-26 00:21:46'),
	(51, 1, '105590', 'Mozilla/5.0 (Windows NT 10.0; Win64; x64; rv:80.0) Gecko/20100101 Firefox/80.0', 2, '127.0.0.1', '2020-09-29 03:24:16'),
	(52, 1, '807926', 'Mozilla/5.0 (Windows NT 10.0; Win64; x64) AppleWebKit/537.36 (KHTML, like Gecko) Chrome/85.0.4183.121 Safari/537.36', 0, '127.0.0.1', '2020-09-26 00:21:28'),
	(53, 2, '728468', 'Mozilla/5.0 (Windows NT 10.0; Win64; x64; rv:81.0) Gecko/20100101 Firefox/81.0', 1, '127.0.0.1', '2020-10-04 18:35:03');
/*!40000 ALTER TABLE `authsessions` ENABLE KEYS */;

-- Дамп структуры для таблица kaf.courses
CREATE TABLE IF NOT EXISTS `courses` (
  `id` int(11) NOT NULL AUTO_INCREMENT,
  `faculty_id` int(11) DEFAULT NULL,
  `c_name` varchar(50) DEFAULT NULL,
  `c_short_name` varchar(20) DEFAULT NULL,
  `real_semester` int(2) DEFAULT NULL,
  `semester` int(1) DEFAULT NULL,
  PRIMARY KEY (`id`),
  KEY `FK__faculty` (`faculty_id`),
  CONSTRAINT `FK__faculty` FOREIGN KEY (`faculty_id`) REFERENCES `faculties` (`id`) ON UPDATE CASCADE
) ENGINE=InnoDB AUTO_INCREMENT=12 DEFAULT CHARSET=utf8;

-- Дамп данных таблицы kaf.courses: ~10 rows (приблизительно)
/*!40000 ALTER TABLE `courses` DISABLE KEYS */;
INSERT INTO `courses` (`id`, `faculty_id`, `c_name`, `c_short_name`, `real_semester`, `semester`) VALUES
	(1, 1, 'Иммунология', 'ИмЛеч', 5, 1),
	(2, 1, 'Аллергология', 'АлЛеч', 6, 2),
	(3, 4, 'Общая и клиническая иммунология', 'ИмМБФ', 78, 12),
	(4, 5, 'Вирусология', 'Вирус', 6, 2),
	(5, 3, 'Иммунология', 'ИмПед', 56, 1),
	(6, 6, 'Иммунология-клиническая иммунология', 'ИмСтом', 34, 12),
	(7, 2, 'Immunollogy', 'ImLech', 5, 1),
	(8, 2, 'Allergology', 'Allerg', 6, 2),
	(9, 7, 'Immunology-Clinical immunology', 'ImStom', 34, 12),
	(10, 1, 'Клиническая иммунология', 'КИЛеч', 6, 2),
	(11, 8, 'Вакцинология', 'ВакцМПД', 8, 2);
/*!40000 ALTER TABLE `courses` ENABLE KEYS */;

-- Дамп структуры для таблица kaf.credit_questions
CREATE TABLE IF NOT EXISTS `credit_questions` (
  `id` int(11) NOT NULL AUTO_INCREMENT,
  `question` varchar(300) NOT NULL,
  `faculty` int(1) NOT NULL,
  `semestr` int(2) NOT NULL,
  PRIMARY KEY (`id`)
) ENGINE=InnoDB AUTO_INCREMENT=198 DEFAULT CHARSET=utf8;

-- Дамп данных таблицы kaf.credit_questions: ~197 rows (приблизительно)
/*!40000 ALTER TABLE `credit_questions` DISABLE KEYS */;
INSERT INTO `credit_questions` (`id`, `question`, `faculty`, `semestr`) VALUES
	(1, 'Предмет и задачи иммунологии. Основные аспекты фундаментальной иммунологии. История развития иммунологии.\r\n', 8, 3),
	(2, 'Центральная и периферическая иммунная система: анатомия и основные функции.\r\n', 8, 3),
	(3, 'Центральные органы иммунной системы. Костный мозг и тимус. Строение. Функции.\r\n', 8, 3),
	(4, 'Периферические органы иммунной системы. Строение. Функции.\r\n', 8, 3),
	(5, 'Антигены. Структура, свойства, биологическая роль. Классификация антигенов. Понятие об антигенных детерминантах.\r\n', 8, 3),
	(6, 'Врожденный иммунитет. Компоненты врожденного иммунитета: физические, физиологические, химические, биологические барьеры. Клетки врожденного иммунитета.\r\n', 8, 3),
	(7, 'Процессинг и презентация антигенов Т-клеткам. Профессиональные антиген-презентирующие клетки. Основные этапы.\r\n', 8, 3),
	(8, 'Главный комплекс гистосовместимости (ГКС-MHC). Презентация эндогенного и экзогенного антигенов. Функции молекул MHC I и II классов, взаимодействие с CD8+- или CD4+- клетками.\r\n', 8, 3),
	(9, 'Процессы активации Т-лимфоцитов и выбор варианта иммунного ответа (CD8+- или CD4+-зависимый).\r\n', 8, 3),
	(10, 'Клеточное (Т-лимфоциты) звено иммунитета. CD4+-зависимый иммунный ответ. Факторы, определяющие выбор Th1- или Th2-варианта. Реализация Th1-пути иммунного ответа. Биологическая роль. Механизмы.\r\n', 8, 3),
	(11, 'Механизмы активации и дифференцировки В-лимфоцитов. Классификация В-лимфоцитов. В-клеточный рецептор (ВCR), строение, функции.\r\n', 8, 3),
	(12, 'Иммуноглобулины (антитела). Химическая структура, организация и функции молекулы иммуноглобулина. Классификация антител.\r\n', 8, 3),
	(13, 'Общие представления о системе комплемента. Состав и основные функции. Методы определения функций системы комплемента.\r\n', 8, 3),
	(14, 'Система комплемента. Классический и альтернативный пути активации комплемента. Клиническое значение.\r\n', 8, 3),
	(15, 'Система цитокинов. Основные понятия. Виды цитокинов. Основные свойства цитокинов. Строение и виды цитокиновых рецепторов. Взаимодействие цитокинов со специфическими рецепторами.\r\n', 8, 3),
	(16, 'Иммунологические факторы противовирусного иммунитета. Специфическая и неспецифическая цитотоксичность. Механизмы ускользания от иммунной элиминации.\r\n', 8, 3),
	(17, 'Основные факторы противобактериального иммунитета. Пути элиминации возбудителя. Механизмы ускользания от иммунной защиты.\r\n', 8, 3),
	(18, 'Предмет и задачи клинической иммунологии. Основные формы иммунопатологий человека.\r\n', 8, 4),
	(19, 'Первичные иммунодефецитные состояния. Классификация и их особенности.\r\n', 8, 4),
	(20, 'Вторичные иммунодефицитные состояния. Классификация и их особенности.\r\n', 8, 4),
	(21, 'Понятие о вакцинации. История развития. Цели и задачи вакцинации. Виды вакцин.\r\n', 8, 4),
	(22, 'Внутриутробный период развития иммунной системы. Особенности строения и функционирования иммунной системы при рождении ребенка.\r\n', 8, 4),
	(23, 'Иммунная система новорожденного ребенка. Особенности строения, функционирования. Динамика развития.\r\n', 8, 4),
	(24, 'Иммунная система в раннем детстве. Особенности строения, функционирования. Динамика развития.\r\n', 8, 4),
	(25, 'Методы лабораторной оценки иммунного статуса. Тесты первого и второго уровней. Методы иммунологических исследований.\r\n', 8, 4),
	(26, 'Понятие об аллергии: определение, этиология, патогенез клинические проявления. Аллергены: классификация, свойства.\r\n', 8, 4),
	(27, 'Классификация реакции гиперчувствительности. Механизмы развития гиперчувствительности.\r\n', 8, 4),
	(28, 'IgE-зависимые аллергические реакции. Этиология, виды аллергенов и их особенности. Патогенез. Особенности строения, функционирования и рецепции IgE.\r\n', 8, 4),
	(29, 'Псевдоаллергические реакции. Классификация с характеристикой основных этиологических факторов.\r\n', 8, 4),
	(30, 'Основные стадии и механизмы развития аллергической реакции при реагиновом типе реакции.\r\n', 8, 4),
	(31, 'Основные методы диагностики аллергических заболеваний. Применение в клинической практике.\r\n', 8, 4),
	(32, 'Лечебные мероприятия, профилактика аллергических заболеваний.\r\n', 8, 4),
	(33, 'Пищевая аллергия. Понятие. Эпидемиология. Классификация. Особенности лечения.\r\n', 8, 4),
	(34, 'Аллергические заболевания респираторного тракта. Основные аллергены.\r\n', 8, 4),
	(35, 'Аллергический ринит. Определение, этиология, патогенез, клинические проявления, классификация, диагностика, основные принципы лечения.\r\n', 8, 4),
	(36, 'Атопическая бронхиальная астма как аллергическое заболевание. Определение, этиология, патогенез, клинические проявления, классификация, диагностика, основные принципы лечения.\r\n', 8, 4),
	(37, 'Аллергические реакции на медикаменты. Понятие. Эпидемиология. Группы препаратов, наиболее часто вызывающие аллергические реакции. Клинические проявления лекарственной аллергии.\r\n', 8, 4),
	(38, 'Механизмы развития лекарственной аллергии.\r\n', 8, 4),
	(39, 'Диагностика и лечение лекарственной аллергии. Неотложная медицинская помощь при иммунопатологических состояниях.\r\n', 8, 4),
	(40, 'Общие представления об иммунокоррекции, иммуностимуляции, иммуномодуляции. Классификация иммунотропных препаратов.', 8, 4),
	(41, 'История развития иммунологии как науки. Основные этапы в развитии иммунологии. Предмет и задачи иммунологии. Основные направления в развитии иммунологии. \r\n', 7, 7),
	(42, 'Строение и принцип функционирования иммунной системы. \r\n', 7, 7),
	(43, 'Центральные органы иммунной системы. Тимус. Строение. Функции. Созревание лимфоцитов в тимусе. Секреторная функция. Микроокружение тимуса. \r\n', 7, 7),
	(44, 'Центральные органы иммунной системы. Костный мозг. Строение. Функции. \r\n', 7, 7),
	(45, 'Происхождение и основные этапы дифференцировки клеток иммунной системы. \r\n', 7, 7),
	(46, 'Периферические органы иммунной системы. Селезенка. Строение. Функции. \r\n', 7, 7),
	(47, 'Методы выделения клеток иммунной системы. \r\n', 7, 7),
	(48, 'Клеточные основы иммунной системы. Этапы развития лимфоцитов как клеток иммунной системы. Основные популяции. Места созревания. Основные мембранные маркеры. Основные функции. Т-клеточный рецептор, молекулярные компоненты, функции. \r\n', 7, 7),
	(49, 'Лимфатические узлы, лимфоидная ткань кожи и слизистых оболочек как периферический орган иммунной системы. Строение. Индукция и осуществление иммунного ответа в этих органах. \r\n', 7, 7),
	(50, 'Антигены. Понятие об антигенности. Происхождение и химическая структура антигенов. Биологическая роль. Понятие об антигенных детерминантах и эпитопах. Свойства антигенов. \r\n', 7, 7),
	(51, 'Иммуногенность и специфичность антигенов. Виды специфичности. Факторы, влияющие на иммуногенность и специфичность антигенов. \r\n', 7, 7),
	(52, 'Антигены как биологические маркеры чужеродности. Классификация. Основные понятия (в т.ч. аллергены, аутоантигены, толерогены и т. д.) \r\n', 7, 7),
	(53, 'Пути проникновения антигенов в организм и их влияние на формирование иммунного ответа. Элиминация антигенов из организма: пути, фазы, биологическая роль. Персистенция антигенов в организме. \r\n', 7, 7),
	(54, 'Клеточные основы гуморального иммунитета (В-лимфоциты). Типы В-лимфоцитов. Этапы В-лимфопоэза. Трансформация В-лимфоцитов в плазматические клетки. Основные процессы. \r\n', 7, 7),
	(55, 'Методы количественного подсчета В-лимфоцитов в биологических жидкостях. \r\n', 7, 7),
	(56, 'Механизмы активации и дифференцировки В-лимфоцитов. В-клеточный рецептор, молекулярные компоненты, функции. \r\n', 7, 7),
	(57, 'Иммуноглобулины. Химическая структура и организация молекулы иммуноглобулина. Типы цепей. Принцип доменной структуры антител. Формы существования антител в организме. \r\n', 7, 7),
	(58, 'Биологическая активность различных участков молекул иммуноглобулинов. Понятие об аффинности и авидности антител. \r\n', 7, 7),
	(59, 'Иммуноглобулины. Особенности строения, динамика продукции и биологическая роль иммуноглобулинов различных классов. \r\n', 7, 7),
	(60, 'Иммуноглобулины. IgM как фактор гуморального иммунитета. Особенности организации молекулы. Биологическая роль. Рецепторы для IgM. \r\n', 7, 7),
	(61, 'Иммуноглобулины. IgG как фактор гуморального иммунитета. Особенности организации молекулы. Субклассы. Биологическая роль IgG различных подклассов. Рецепторы для IgG. Возрастные особенности продукции. \r\n', 7, 7),
	(62, 'Иммуноглобулины. IgА как фактор гуморального иммунитета. Особенности организации молекулы. Биологическая роль. Распределение в организме. Субклассы. Рецепторы для IgA. Возрастные особенности продукции. \r\n', 7, 7),
	(63, 'Иммуноглобулины класса Е как фактор гуморального иммунитета. Особенности организации молекулы. Свойства. Биологическая роль. Рецепторы для IgE. Клиническое значение повышенного уровня общего IgE.\r\n', 7, 7),
	(64, 'Генетические механизмы разнообразия антител: множественность генных сегментов и генетическая рекомбинация, соматические гипермутации и созревание аффинности. \r\n', 7, 7),
	(65, 'Иммуноглобулины. Переключение синтеза изотипов цепей иммуноглобулинов в процессе иммунного ответа. Контроль синтеза иммуноглобулинов отдельных классов. \r\n', 7, 7),
	(66, 'Иммуноглобулины. Фазы синтеза антител. Динамика продукции антител при первичном и вторичном иммунном ответе. Особенности формирования и функционирования клеток памяти. \r\n', 7, 7),
	(67, 'Методы количественного определения концентрации иммуноглобулинов. \r\n', 7, 7),
	(68, 'Конститутивные (нормальные) антитела. Природа. Свойства. Функции. Понятие о микроглобулинах. \r\n', 7, 7),
	(69, 'Моноклональные антитела. Принцип получения. Использование в клинической и лабораторной практике. \r\n', 7, 7),
	(70, 'Методы изучения гуморального звена иммунитета. \r\n', 7, 7),
	(71, 'Принципы и методы иммунизации лабораторных животных. \r\n', 7, 7),
	(72, 'Принципы и методы серологической диагностики. Понятие о прямых и непрямых методах. \r\n', 7, 7),
	(73, 'Серологические методы, основанные на физических свойствах антител (преципитация, агглютинация, реакция прямой и непрямой агглютинации, реакция торможения агглютинации). Биологическая сущность методов. Принципы постановки реакций. Практическое применение. \r\n', 7, 7),
	(74, 'Методы, основанные на биологических свойствах антител (реакция нейтрализации, реакция иммобилизации, реакция опсонизации). Биологическая сущность методов. Принципы постановки реакций. Практическое применение. \r\n', 7, 7),
	(75, 'Реакция иммунофлюресценции. Хемилюминесцентный анализ. Принцип метода. Практическое применение. \r\n', 7, 7),
	(76, 'Радиоиммунный анализ. Особенности организации лабратории. Принципы постановки реакций. Практическое применение. \r\n', 7, 7),
	(77, 'Иммуноферментный анализ. Принцип метода. Модификации метода для повышения чувствительности. Клиническое применение. Иммуноблоттинг. \r\n', 7, 7),
	(78, 'Принципы и методы серологической диагностики, основанные на биологических свойствах антител: нейтрализация, иммобилизация, опсонизация, цитолиз. \r\n', 7, 7),
	(79, 'Процессы активации Т-лимфоцитов и выбор варианта иммунного ответа (CD8+- или CD4+-зависимый). Двухсигнальная модель активации Т-лимфоцитов, понятие об иммунном синапсе. Методы изучения активационной способности Т-лимфоцитов.\r\n', 7, 7),
	(80, 'Клеточное (Т) звено иммунитета. CD4+-зависимый иммунный ответ. Факторы, определяющие выбор Th1- или Th2-варианта. \r\n', 7, 7),
	(81, 'Индукция и реализация Th1-пути иммунного ответа. Биологическая роль. Механизмы. Маркеры Th1-клеток: факторы транскрипции и хемокиновые рецепторы. \r\n', 7, 7),
	(82, 'Клеточное (Т) звено иммунитета. Th2-вариант иммунного ответа. Процесс формирования. Реализация Th2-пути иммунного ответа. Взаимная регуляция функционирования T- и В-лимфоцитов при его осуществлении. Маркеры Th2-клеток: факторы транскрипции и хемокиновые рецепторы. \r\n', 7, 7),
	(83, 'Клеточное (Т) звено иммунитета. Дифференцировка Т-лимфоцитов. Образование Т-хелперов и Т-цитотоксических лимфоцитов. Регуляция процессов дифференцировки Т-лимфоцитов. \r\n', 7, 7),
	(84, 'Т-клеточная цитотоксичность. Основные механизмы. Методы лабораторного определения цитотоксичности. \r\n', 7, 7),
	(85, 'Клеточное (Т) звено иммунитета. Регуляторная функция Т-звена. Виды регуляторных Т-лимфоцитов, их особенности и функции. \r\n', 7, 7),
	(86, 'Методы изучения клеточного иммунитета. \r\n', 7, 7),
	(87, 'Клетки и рецепторы, принимающие участие в реакциях врожденного иммунитета. Стадии фагоцитоза, незавершенный фагоцитоз. Кислород-зависимые и кислород-независимые механизмы бактерицидной активности фагоцитов. Методы определения активности фагоцитов: определение миграционной, адгезионной, фагоцитарной,', 7, 7),
	(88, 'NK-клетки: роль во врожденном иммунитете, функции, механизмы цитолитической активности. KIR-рецепторы и их роль. Антителозависимая клеточная цитотоксичность. Определение активности NK-клеток. \r\n', 7, 7),
	(89, 'Общие представления о системе комплемента. Состав и основные функции. Методы определения активности комплемента и его компонентов. Реакция связывания комплемента. \r\n', 7, 7),
	(90, 'Система комплемента. Классический, альтернативный и лектиновый пути активации комплемента. Клиническое значение. \r\n', 7, 7),
	(91, 'Система комплемента. Биологическое действие компонентов комплемента и их фрагментов. Взаимодействие системы комплемента с другими системами. Участие системы комплемента в иммунных реакциях. Рецепторы для компонентов комплемента. \r\n', 7, 7),
	(92, 'Система комплемента. Регуляция активности системы комплемента: С1-ингибитор, DAF, CD59 и другие регуляторные молекулы. \r\n', 7, 7),
	(93, 'Система цитокинов. Основные понятия. Виды цитокинов. Основные свойства цитокинов. Строение и виды цитокиновых рецепторов. Взаимодействие цитокинов со специфическими рецепторами. Понятие об адаптерных белках. \r\n', 7, 7),
	(94, 'Цитокины. Понятие. Классификация. Виды регуляции. Каскадный принцип действия. \r\n', 7, 7),
	(95, 'Методы изучения цитокинов. \r\n', 7, 7),
	(96, 'Интерфероны как цитокины. Природа. Классификация. Индукторы синтеза. Противовирусная, антипролиферативная, иммуномодулирующая активность. \r\n', 7, 7),
	(97, 'Функциональная классификация цитокинов. Цитокиновая регуляция специфического и неспецифического иммунитета. Понятие о цитокиновой сети, ее взаимосвязь с другими органами и тканями. \r\n', 7, 7),
	(98, 'Главный комплекс гистосовместимости (MHC). Понятие. Основные классы генов МНС и их роль в иммунном ответе, распределение антигенов в организме. \r\n', 7, 7),
	(99, 'Гипотезы развития HLA-ассоциированных заболеваний. Методы HLA-типирования. \r\n', 7, 7),
	(100, 'Главный комплекс гистосовместимости (MHC). Процессинг и презентация эндогенного антигена. Функции молекул MHC I класса, взаимодействие с CD8+ клетками. Особенности антигенов, презентируемых с помощью молекул MHC I класса. \r\n', 7, 7),
	(101, 'Главный комплекс гистосовместимости (MHC). Процессинг и презентация экзогенного антигена. Функции молекул MHC II класса, взаимодействие с CD4+ клетками. Особенности антигенов, презентируемых с помощью молекул MHC II класса. \r\n', 7, 7),
	(102, 'Понятие об иммунологической толерантности. Биологическая целесообразность. Отличие иммунологической толерантности от иммунного ответа и иммунодефицитных состояний. \r\n', 7, 7),
	(103, 'Естественная иммунологическая толерантность. Механизмы иммунологической толерантности. Физиологическое значение. \r\n', 7, 7),
	(104, 'Искусственная толерантность, причины и условия формирования, клиническое значение. Использование в терапевтических целях. \r\n', 7, 7),
	(105, 'Гипотезы возникновения раковых опухолей. Роль иммунной системы в противоопухолевой защите. \r\n', 7, 7),
	(106, 'Антигенная конверсия тканей при неопластических процессах. Опухолевые антигены, их характеристика и виды. \r\n', 7, 7),
	(107, 'Механизмы «ускользания» опухолей от иммунного надзора. Иммунотерапия опухолей. \r\n', 7, 7),
	(108, 'Иммунологические методы обнаружения и типирования опухолей. Требования, предъявляемые к онкомаркерам. Определение опухолевых маркеров в клинической практике. \r\n', 7, 7),
	(109, 'Иммунологические взаимоотношения в системах «мать-отец» и «мать-плод». Роль иммунной системы в физиологическом течении беременности. \r\n', 7, 7),
	(110, 'Иммунологические факторы в развитии бесплодия. Терапевтические подходы к лечению бесплодия, обусловленного иммунными механизмами. \r\n', 7, 7),
	(111, 'Иммунологические конфликты матери и плода по системам Rh- и АВ0-антигенов. Механизмы развития. Клинические проявления. Диагностика. Профилактика. \r\n', 7, 7),
	(112, 'Основные направления биотехнологии в медицине и фармацевтике. Понятие об иммунобиотехнологии. Основные методы получения иммунобиотехнологических препаратов. Препараты, получаемые на основе иммунобиотехнологии и возможность их использования с диагностической и лечебной целью. \r\n', 7, 7),
	(113, 'Методы инженерии антител. Принципы получения моноклональных антител. Гибридомы. Создание квадром на основе гибридомной технологии. Иммуноадгезины, иммунотоксины и иммуноферменты. Антитела химерные, замещенные, минимальные. Абзимы. Практическое применение. \r\n', 7, 7),
	(114, 'Экстраиммунные факторы регуляции иммунного ответа (нейроиммуноэндокринные взаимодействия). \r\n', 7, 7),
	(115, 'Иммунологические факторы противобактериальной защиты. Механизмы ускользания бактерий от иммунной элиминации. \r\n', 7, 7),
	(116, 'Иммунологические факторы противовирусной защиты. Механизмы ускользания вирусов от иммунной элиминации. \r\n', 7, 7),
	(117, 'Иммунологические факторы антигельминтного, антигрибкового иммунитета, антихламидийного и антимикоплазменного иммунитета. Механизмы ускользания от иммунной элиминации. \r\n', 7, 7),
	(118, 'Внутриутробный период развития иммунной системы. Особенности строения и функционирования иммунной системы при рождении ребенка. \r\n', 7, 7),
	(119, 'Иммунная система у детей (период новорожденности, раннего детства, подростковый возраст). Особенности строения, функционирования. \r\n', 7, 9),
	(120, 'Особенности строения и функционирования зрелой иммунной системы. Старческие изменения иммунитета. \r\n', 7, 9),
	(121, 'Принципы и методы оценки иммунного статуса человека. \r\n', 7, 9),
	(122, 'Иммунодефицитные состояния. Определение. Классификация. Принципы диагностики иммунодефицитных состояний. \r\n', 7, 9),
	(123, 'Иммунодефицитные состояния. Клинические проявления при ИДС различных типов (механизмы формирования маркерных синдромов). \r\n', 7, 9),
	(124, 'Инфекционный синдром как маркер ИДС. Особенности при различных формах иммунодефицитов. \r\n', 7, 9),
	(125, 'Первичные иммунодефицитные состояния. Современное состояние проблемы. \r\n', 7, 9),
	(126, 'Классификация. Особенности клинических проявлений. Признаки, настораживающие в отношении первичных ИДС. \r\n', 7, 9),
	(127, 'Возможности генной, иммунореконструктивной, иммунозаместительной терапии первичных иммунодефицитов. Препараты иммуноглобулинов, применяемые для лечения первичных иммунодефицитов с синдромом агаммаглобулинемии. \r\n', 7, 9),
	(128, 'Первичные дефициты гуморального звена иммунитета. Классификация. Критерии диагностики. Селективный дефицит IgA. Клиника, диагностика, подходы к лечению, прогноз. \r\n', 7, 9),
	(129, 'Первичные дефициты гуморального звена иммунитета. Классификация. Критерии диагностики. Болезнь и синдром Брутона, общая вариабельная иммунная недостаточность. Клиника, диагностика, подходы к лечению, прогноз. \r\n', 7, 9),
	(130, 'Первичные дефициты фагоцитарного звена. Этиология, патогенез, клиника, диагностика, подходы к терапии. \r\n', 7, 9),
	(131, 'Наследственный ангионевротический отек. Этиология, патогенез, клиника, диагностика, подходы к терапии. \r\n', 7, 9),
	(132, 'Синдром Вискотта-Олдрича. Этиология. Патогенез. Клиника. Диагностика. Принципы лечения. Прогноз. \r\n', 7, 9),
	(133, 'Иммунотропные средства. Классификация. Сфера клинического применения. \r\n', 7, 9),
	(134, 'Иммуностимулирующие средства бактериального происхождения. Механизм действия. Сфера клинического применения. \r\n', 7, 9),
	(135, 'Иммунорегуляторные пептиды (препараты тимического, костномозгового и др. происхождения). Препараты. Сфера клинического применения. \r\n', 7, 9),
	(136, 'Основы цитокиновой и антицитокиновой терапии. Цитокины как лекарственные препараты. Виды. Сфера и перспективы клинического применения. \r\n', 7, 9),
	(137, 'Интерфероны. Классификация. Особенности биологического действия интерферонов различных типов. \r\n', 7, 9),
	(138, 'Препараты интерферонов. Механизм действия. Показания к назначению. Особенности синтеза интерферонов при терапии индукторами. \r\n', 7, 9),
	(139, 'Иммунодепрессанты. Классификация иммунодепрессантов. Механизм действия. Препараты. Принципы и методы иммуносупрессивной терапии. Сфера клинического применения. \r\n', 7, 9),
	(140, 'Вторичные иммунодефицитные состояния. Классификация. Механизмы формирования вторичных ИДС различной этиологии. Принципы терапии. \r\n', 7, 9),
	(141, 'Аллергия как проявление иммунопатологии. Биологическая сущность аллергии. Классификация аллергических реакций. \r\n', 7, 9),
	(142, 'Основные типы аллергических реакций. Гиперчувствительность немедленного типа, гиперчувствительность замедленного типа, иммунокомплексные и цитотоксические реакции как вариант иммунопатологии. \r\n', 7, 9),
	(143, 'IgE-зависимые аллергические реакции. Характеристика иммунологической стадии: этиология (виды аллергенов и их особенности); строение, цитотропность и рецепция IgE. \r\n', 7, 9),
	(144, 'IgE-зависимые реакции. Патохимическая и патофизиологическая стадии (медиаторы ранней и поздней фазы, их источники, механизмы образования, рецепторы, основные клинические эффекты). \r\n', 7, 9),
	(145, 'IgE-опосредованные заболевания. Основные нозологические формы. Возрастные особенности атопической патологии. \r\n', 7, 9),
	(146, 'Диагностика IgE-зависимых заболеваний (верификация атопического статуса, специфическая диагностика). \r\n', 7, 9),
	(147, 'Принципы и методы лечения IgE-зависимых заболеваний. \r\n', 7, 9),
	(148, 'Атопическая бронхиальная астма. Определение, этиология, патогенез, клинические проявления. \r\n', 7, 9),
	(149, 'Атопическая бронхиальная астма. Классификация, критерии контроля, диагностика \r\n', 7, 9),
	(150, 'Атопическая бронхиальная астма. Принципы и методы лечения. Понятие о ступенчатой терапии БА. Средства ингаляционной доставки препаратов. \r\n', 7, 9),
	(151, 'Аллергический ринит. Этиология, патогенез, классификация, диагностика, ступенчатая терапия. \r\n', 7, 9),
	(152, 'Пищевая аллергия у детей. Основные аллергены, клинические проявления, перекрестные реакции, тактика ведения больных. \r\n', 7, 9),
	(153, 'Аллергия на коровье молоко. Иммунопатологические механизмы. Классификация аллергенов. Возрастные особенности. Перекрестные реакции. Клинические проявления. Диагностика. Подходы к профилактике и лечению. \r\n', 7, 9),
	(154, 'Пищевая аллергия у взрослых. Основные аллергены, клинические проявления, перекрестные реакции, тактика ведения больных. \r\n', 7, 9),
	(155, 'Аллергены пищевых продуктов растительного и животного происхождения. Классификация. Роль в патологии человека. Диагностика. \r\n', 7, 9),
	(156, 'Диагностика пищевой аллергии у взрослых и детей. \r\n', 7, 9),
	(157, 'Лекарственная аллергия. Классификация. Механизмы. Особенности лекарственных средств как аллергенов. Клинические проявления. Диагностика. Профилактика. Лечение. \r\n', 7, 9),
	(158, 'Острые токсико-аллергические реакции (ОТАР). Этиология, патогенез, клинические проявления, подходы к диагностике и терапии. \r\n', 7, 9),
	(159, 'Провокационные тесты в диагностике аллергических заболеваний. \r\n', 7, 9),
	(160, 'In vitro диагностика IgE-опосредованных заболеваний. \r\n', 7, 9),
	(161, 'Анафилактический шок. Этиология, патогенез, клиника, неотложная терапия. \r\n', 7, 9),
	(162, 'Аллергическая крапивница/ангиоотек. Этиология, патогенез, клинические проявления, диагностика и дифференциальная диагностика, подходы к лечению, купирование острой крапивницы/ангиоотека. \r\n', 7, 9),
	(163, 'Атопический дерматит. Этиология, патогенез, клинические проявления, диагностика и дифференциальная диагностика, подходы к лечению. Роль инфекционных агентов в течении заболевания. \r\n', 7, 9),
	(164, 'Псевдоаллергические реакции. Понятие. Классификация. Диагностика и дифференциальная диагностика с истинными аллергическими реакциями. \r\n', 7, 9),
	(165, 'Гистаминзависимые псевдоаллергические реакции. Механизмы, основные этиологические факторы. Принципы терапии. \r\n', 7, 9),
	(166, 'Гистаминнезависимые псевдоаллергические реакции. Механизмы, основные этиологические факторы. Принципы терапии \r\n', 7, 9),
	(167, 'Алгоритм диагностического поиска при эозинофилии периферической крови и повышенном уровне общего IgE в сыворотке крови. \r\n', 7, 9),
	(168, 'Антимедиаторные препараты в лечении атопических заболеваний. Механизм действия антигистаминных препаратов. Сравнительная характеристика антагонистов Н1-рецепторов первого и нового поколений. \r\n', 7, 9),
	(169, 'Антимедиаторные препараты в лечении атопических заболеваний. Антилейкотриеновые препараты. \r\n', 7, 9),
	(170, 'Средства, подавляющие аллергическое воспаление. Механизм действия. Фармакодинамические эффекты. \r\n', 7, 9),
	(171, 'Аллерген-специфическая иммунотерапия. Общая характеристика метода. Механизмы эффективности аллерген-специфической иммунотерапии. \r\n', 7, 9),
	(172, 'Препараты для проведения аллерген-специфической иммунотерапии. Состав препаратов. Новые направления в развитии аллерген-специфической иммунотерапии. \r\n', 7, 9),
	(173, 'Цитотоксические аллергические реакции. Этиология, патогенез, клинические проявления, диагностика. Роль в развитии аутоиммунных заболеваний. \r\n', 7, 9),
	(174, 'Иммунокомплексные реакции. Этиология, патогенез и иммунопатогенез. Особенности антигенов и антител. Иммунокомплексные реакции и заболевания в клинической практике. Местные и системные иммунокомплексные реакции. Клинические проявления. Диагностика. Принципы терапии. \r\n', 7, 9),
	(175, 'Гиперчувствительность замедленного типа. Этиология, патогенез. Особенности антигенов. \r\n', 7, 9),
	(176, 'Гиперчувствительность замедленного типа. ГЗТ-зависимые заболевания. Роль ГЗТ в инфекционном процессе. Методы диагностики ГЗТ. Принципы терапии. \r\n', 7, 9),
	(177, 'Контактный дерматит. Этиология, патогенез, клинические проявления, диагностика и дифференциальная диагностика, подходы к лечению. \r\n', 7, 9),
	(178, 'Инфекции иммунной системы. ВИЧ-инфекция. Этиология. Патогенез. Клинические проявления. Принципы терапии. \r\n', 7, 9),
	(179, 'ВИЧ-инфекция. Возможности лабораторной диагностики на различных стадиях ВИЧ и СПИД. \r\n', 7, 9),
	(180, 'Фармакотерапия ВИЧ/СПИД. Классификация препаратов для антиретровирусной терапии (АРВТ). Показания для назначения. Критерии эффективности АРВТ. \r\n', 7, 9),
	(181, 'Инфекции иммунной системы. Поражение клеток иммунной системы при инфекции при цитомегаловирусной инфекции. Этиология. Иммунопатогенез. Клинические проявления. Возможности лабораторной диагностики на различных стадиях инфекции. Подходы к лечению. \r\n', 7, 9),
	(182, 'Инфекции иммунной системы. Поражение клеток иммунной системы при инфекции вирусом Эпштейн-Барр. Этиология. Патогенез и иммунопатогенез. Клинические проявления. Возможности лабораторной диагностики на различных стадиях инфекции. Подходы к лечению. \r\n', 7, 9),
	(183, 'Инфекции иммунной системы. Поражение клеток иммунной системы при инфекции вирусами герпеса 6, 7, 8 типов. Этиология. Иммунопатогенез. Клинические проявления. Возможности лабораторной диагностики на различных стадиях инфекции. Подходы к лечению. \r\n', 7, 9),
	(184, 'Основные понятия аутоиммунитета. Критерии квалификации аутоиммунных заболеваний. Эффекторные механизмы аутоиммунитета. Классификация аутоиммунных заболеваний. \r\n', 7, 9),
	(185, 'Гипотезы развития аутоиммунных заболеваний. Роль инфекционных возбудителей в индукции аутоиммунных реакций. \r\n', 7, 9),
	(186, 'Принципы и методы иммунологической диагностики аутоиммунных заболеваний. Принципы терапии. \r\n', 7, 9),
	(187, 'Лимфопролиферативные процессы. Генетические перестройки и изменение иммунных функций лимфоидных клеток при лимфопролиферативных заболеваниях. \r\n', 7, 9),
	(188, 'Методы иммунодиагностики и иммунотерапии лимфопролиферативных заболеваний. \r\n', 7, 9),
	(189, 'Понятие о вакцинации. История развития. Цели и задачи вакцинации. Основные достижения иммунопрофилактики. Требования предъявляемые к вакцинам. \r\n', 7, 9),
	(190, 'Виды и состав вакцин. Особенности формирования специфического иммунитета при использовании различных видов вакцин. \r\n', 7, 9),
	(191, 'Формирование специфического иммунитета при первичной вакцинации и ревакцинации. Влияние компонентов препарата на активность на формирование поствакцинального иммунитета. Влияние пути введения вакцины на формирование поствакцинального иммунитета. \r\n', 7, 9),
	(192, 'Проблема безопасности вакцин. Поствакцинальные реакции и осложнения. Виды. Пути профилактики. Пути совершенствования вакцинных препаратов. \r\n', 7, 9),
	(193, 'Противоопухолевые вакцины и их место в общей стратегии противоопухолевой терапии. Иммуноконтрацептивные вакцины и их место в общей стратегии контрацепции. Перспективы использования. \r\n', 7, 9),
	(194, 'Трансплантационный иммунитет. Принципы и методы подбора пары «донор-реципиент». \r\n', 7, 9),
	(195, 'Инфекционные и неинфекционные осложнения у реципиента трансплантата. Причины развития. Пути профилактики и преодоления. \r\n', 7, 9),
	(196, 'Гиперэозинофильный синдром. Этиология, патогенез, клиника, диагностика, дифференциальная диагностика. \r\n', 7, 9),
	(197, 'Синдром Чарджа-Стросс. Этиология, патогенез, клиника, диагностика, подходы к лечению, профилактика. ', 7, 9);
/*!40000 ALTER TABLE `credit_questions` ENABLE KEYS */;

-- Дамп структуры для таблица kaf.faculties
CREATE TABLE IF NOT EXISTS `faculties` (
  `id` int(11) NOT NULL AUTO_INCREMENT,
  `course_year` int(11) NOT NULL DEFAULT '0',
  `name` varchar(50) NOT NULL,
  `short_name` varchar(50) NOT NULL,
  PRIMARY KEY (`id`)
) ENGINE=InnoDB AUTO_INCREMENT=9 DEFAULT CHARSET=utf8;

-- Дамп данных таблицы kaf.faculties: ~8 rows (приблизительно)
/*!40000 ALTER TABLE `faculties` DISABLE KEYS */;
INSERT INTO `faculties` (`id`, `course_year`, `name`, `short_name`) VALUES
	(1, 3, 'Лечебный', 'Леч'),
	(2, 3, 'Лечебный (англ)', 'Леч (eng)'),
	(3, 3, 'Педиатрический', 'Пед'),
	(4, 4, 'Медико-биологический (4)', 'МБФ4'),
	(5, 3, 'Медико-биологический (3)', 'МБФ3'),
	(6, 2, 'Стоматологический', 'Стом'),
	(7, 2, 'Стоматологический (англ)', 'Стом (eng)'),
	(8, 6, 'Медико-профилактическое дело', 'МПД');
/*!40000 ALTER TABLE `faculties` ENABLE KEYS */;

-- Дамп структуры для таблица kaf.lectures
CREATE TABLE IF NOT EXISTS `lectures` (
  `id` int(11) NOT NULL AUTO_INCREMENT,
  `course_id` int(11) DEFAULT NULL,
  `l_number` int(2) NOT NULL,
  `l_name` varchar(200) NOT NULL,
  `semester` int(2) DEFAULT NULL,
  `updated_at` timestamp NULL DEFAULT CURRENT_TIMESTAMP ON UPDATE CURRENT_TIMESTAMP,
  `block` int(1) DEFAULT NULL,
  PRIMARY KEY (`id`),
  KEY `FK_course` (`course_id`),
  CONSTRAINT `lectures_ibfk_1` FOREIGN KEY (`course_id`) REFERENCES `courses` (`id`)
) ENGINE=InnoDB AUTO_INCREMENT=15 DEFAULT CHARSET=utf8 ROW_FORMAT=DYNAMIC;

-- Дамп данных таблицы kaf.lectures: ~5 rows (приблизительно)
/*!40000 ALTER TABLE `lectures` DISABLE KEYS */;
INSERT INTO `lectures` (`id`, `course_id`, `l_number`, `l_name`, `semester`, `updated_at`, `block`) VALUES
	(2, 2, 2, 'Введение в аллергологию', 2, '2020-09-25 23:10:44', 0),
	(3, 3, 1, 'Введение в иммунологию./~#$$%`', 1, '2020-09-19 18:20:32', NULL),
	(9, 3, 2, 'Антигены', 1, '2020-09-17 19:20:30', NULL),
	(13, 1, 1, 'fwerfrwerffasdafasdf', 1, '2020-10-03 03:01:13', 0),
	(14, 1, 2, 'qwqqr', 1, '2020-09-27 21:51:16', 1);
/*!40000 ALTER TABLE `lectures` ENABLE KEYS */;

-- Дамп структуры для таблица kaf.logs
CREATE TABLE IF NOT EXISTS `logs` (
  `id` int(11) NOT NULL AUTO_INCREMENT,
  `time` timestamp NOT NULL DEFAULT CURRENT_TIMESTAMP,
  `user_id` int(11) NOT NULL DEFAULT '0',
  `text` varchar(250) DEFAULT NULL,
  `ip` varchar(50) DEFAULT NULL,
  KEY `Индекс 1` (`id`),
  KEY `FK_logs_users` (`user_id`),
  CONSTRAINT `FK_logs_users` FOREIGN KEY (`user_id`) REFERENCES `users` (`id`)
) ENGINE=InnoDB AUTO_INCREMENT=147 DEFAULT CHARSET=utf8;

-- Дамп данных таблицы kaf.logs: ~137 rows (приблизительно)
/*!40000 ALTER TABLE `logs` DISABLE KEYS */;
INSERT INTO `logs` (`id`, `time`, `user_id`, `text`, `ip`) VALUES
	(7, '2020-09-23 20:49:00', 1, 'Запрос дополнительной проверки', NULL),
	(8, '2020-09-23 20:53:36', 1, 'Ошибка входа. Неправильный логин или пароль', NULL),
	(9, '2020-09-23 20:53:41', 1, 'Успешный вход в систему', NULL),
	(10, '2020-09-23 20:54:10', 1, 'Запрос дополнительной проверки', NULL),
	(11, '2020-09-23 20:54:20', 1, 'Успешный вход в систему', NULL),
	(12, '2020-09-23 20:54:36', 1, 'Успешный вход в систему', NULL),
	(13, '2020-09-23 20:54:44', 1, 'Ошибка входа. Неправильный логин или пароль', NULL),
	(14, '2020-09-23 20:55:57', 1, 'Запрос дополнительной проверки', NULL),
	(15, '2020-09-23 20:56:09', 1, 'Успешный вход в систему', NULL),
	(16, '2020-09-23 21:10:48', 1, 'Ошибка входа. Неправильный логин или пароль', '127.0.0.1'),
	(17, '2020-09-23 21:10:53', 1, 'Успешный вход в систему', '127.0.0.1'),
	(18, '2020-09-23 21:10:56', 1, 'Успешный вход в систему', '127.0.0.1'),
	(19, '2020-09-23 21:11:15', 1, 'Успешный вход в систему', '127.0.0.1'),
	(20, '2020-09-23 21:14:59', 1, 'Успешный вход в систему', '127.0.0.1'),
	(21, '2020-09-23 21:15:33', 1, 'Успешный вход в систему', '127.0.0.1'),
	(22, '2020-09-23 21:17:36', 1, 'Успешный вход в систему', '127.0.0.1'),
	(23, '2020-09-23 21:18:26', 1, 'Успешный вход в систему', '127.0.0.1'),
	(24, '2020-09-23 21:19:50', 1, 'Успешный вход в систему', '127.0.0.1'),
	(25, '2020-09-23 21:21:35', 1, 'Запрос дополнительной проверки', '127.0.0.1'),
	(26, '2020-09-23 21:21:55', 1, 'Запрос дополнительной проверки', '127.0.0.1'),
	(27, '2020-09-23 21:22:42', 1, 'Запрос дополнительной проверки', '127.0.0.1'),
	(28, '2020-09-23 21:22:57', 1, 'Запрос дополнительной проверки', '127.0.0.1'),
	(29, '2020-09-23 21:23:22', 1, 'Запрос дополнительной проверки', '127.0.0.1'),
	(30, '2020-09-23 21:23:45', 1, 'Запрос дополнительной проверки', '127.0.0.1'),
	(31, '2020-09-23 21:24:23', 1, 'Успешный вход в систему', '127.0.0.1'),
	(32, '2020-09-23 21:25:02', 1, 'Запрос дополнительной проверки', '127.0.0.1'),
	(33, '2020-09-23 21:25:11', 1, 'Успешный вход в систему', '127.0.0.1'),
	(34, '2020-09-23 21:26:44', 1, 'Успешный вход в систему', '127.0.0.1'),
	(35, '2020-09-23 21:27:28', 1, 'Успешный вход в систему', '127.0.0.1'),
	(36, '2020-09-23 21:29:50', 1, 'Успешный вход в систему', '127.0.0.1'),
	(37, '2020-09-23 21:30:03', 1, 'Успешный вход в систему', '127.0.0.1'),
	(38, '2020-09-23 21:47:17', 1, 'Ошибка входа. Неправильный логин или пароль', '127.0.0.1'),
	(39, '2020-09-23 21:47:22', 1, 'Успешный вход в систему', '127.0.0.1'),
	(40, '2020-09-23 21:49:20', 1, 'Ошибка входа. Неправильный логин или пароль', '127.0.0.1'),
	(41, '2020-09-23 21:49:23', 1, 'Успешный вход в систему', '127.0.0.1'),
	(42, '2020-09-23 22:17:32', 1, 'Ошибка входа. Неправильный логин или пароль', '127.0.0.1'),
	(43, '2020-09-23 22:18:24', 1, 'Запрос дополнительной проверки', '127.0.0.1'),
	(44, '2020-09-23 22:23:53', 1, 'Ошибка входа. Неправильный логин или пароль', '127.0.0.1'),
	(45, '2020-09-23 22:23:58', 1, 'Запрос дополнительной проверки', '127.0.0.1'),
	(46, '2020-09-23 22:26:37', 1, 'Запрос дополнительной проверки', '127.0.0.1'),
	(47, '2020-09-23 22:27:17', 1, 'Запрос дополнительной проверки', '127.0.0.1'),
	(48, '2020-09-23 22:27:37', 1, 'Успешный вход в систему', '127.0.0.1'),
	(49, '2020-09-23 22:27:48', 1, 'Успешный вход в систему', '127.0.0.1'),
	(50, '2020-09-23 22:29:20', 1, 'Запрос дополнительной проверки', '127.0.0.1'),
	(51, '2020-09-23 22:34:06', 1, 'Запрос дополнительной проверки', '127.0.0.1'),
	(52, '2020-09-23 22:35:29', 1, 'Запрос дополнительной проверки', '127.0.0.1'),
	(53, '2020-09-23 22:37:07', 1, 'Запрос дополнительной проверки', '127.0.0.1'),
	(54, '2020-09-23 22:37:36', 1, 'Успешный вход в систему', '127.0.0.1'),
	(55, '2020-09-23 22:40:37', 1, 'Запрос дополнительной проверки', '127.0.0.1'),
	(56, '2020-09-23 22:40:38', 1, 'Запрос дополнительной проверки', '127.0.0.1'),
	(57, '2020-09-23 22:40:39', 1, 'Запрос дополнительной проверки', '127.0.0.1'),
	(58, '2020-09-23 22:40:39', 1, 'Запрос дополнительной проверки', '127.0.0.1'),
	(59, '2020-09-23 22:42:46', 1, 'Запрос дополнительной проверки', '127.0.0.1'),
	(60, '2020-09-23 22:44:42', 1, 'Ошибка входа. Неправильный логин или пароль', '127.0.0.1'),
	(61, '2020-09-23 22:44:50', 1, 'Запрос дополнительной проверки', '127.0.0.1'),
	(62, '2020-09-23 22:45:15', 1, 'Успешный вход в систему', '127.0.0.1'),
	(63, '2020-09-25 21:47:58', 1, 'Ошибка входа. Неправильный логин или пароль', '127.0.0.1'),
	(64, '2020-09-25 21:48:03', 1, 'Успешный вход в систему', '127.0.0.1'),
	(65, '2020-09-25 21:52:43', 1, 'Успешный вход в систему', '127.0.0.1'),
	(66, '2020-09-25 22:35:09', 1, 'Ошибка входа. Неправильный логин или пароль', '127.0.0.1'),
	(67, '2020-09-25 22:35:13', 1, 'Успешный вход в систему', '127.0.0.1'),
	(68, '2020-09-25 22:43:08', 1, 'Ошибка входа. Неправильный логин или пароль', '127.0.0.1'),
	(69, '2020-09-25 22:43:13', 1, 'Успешный вход в систему', '127.0.0.1'),
	(70, '2020-09-25 22:43:36', 1, 'Успешный вход в систему', '127.0.0.1'),
	(71, '2020-09-25 22:44:56', 1, 'Успешный вход в систему', '127.0.0.1'),
	(72, '2020-09-25 22:45:21', 3, 'Запрос дополнительной проверки', '127.0.0.1'),
	(73, '2020-09-25 22:45:39', 3, 'Успешный вход в систему', '127.0.0.1'),
	(74, '2020-09-25 22:46:07', 1, 'Запрос дополнительной проверки', '127.0.0.1'),
	(75, '2020-09-25 22:46:46', 1, 'Успешный вход в систему', '127.0.0.1'),
	(76, '2020-09-25 23:11:02', 3, 'Запрос дополнительной проверки', '127.0.0.1'),
	(77, '2020-09-25 23:11:20', 3, 'Ошибка входа. Неправильный логин или пароль', '127.0.0.1'),
	(78, '2020-09-25 23:11:37', 3, 'Запрос дополнительной проверки', '127.0.0.1'),
	(79, '2020-09-25 23:12:55', 1, 'Запрос дополнительной проверки', '127.0.0.1'),
	(80, '2020-09-25 23:14:48', 3, 'Ошибка входа. Неправильный логин или пароль', '127.0.0.1'),
	(81, '2020-09-25 23:15:05', 3, 'Ошибка входа. Неправильный логин или пароль', '127.0.0.1'),
	(82, '2020-09-25 23:15:11', 3, 'Запрос дополнительной проверки', '127.0.0.1'),
	(83, '2020-09-25 23:17:22', 3, 'Ошибка входа. Неправильный логин или пароль', '127.0.0.1'),
	(84, '2020-09-25 23:17:34', 3, 'Запрос дополнительной проверки', '127.0.0.1'),
	(85, '2020-09-25 23:18:07', 1, 'Успешный вход в систему', '127.0.0.1'),
	(86, '2020-09-25 23:22:30', 3, 'Ошибка входа. Неправильный логин или пароль', '127.0.0.1'),
	(87, '2020-09-25 23:22:38', 3, 'Запрос дополнительной проверки', '127.0.0.1'),
	(88, '2020-09-25 23:23:25', 3, 'Запрос дополнительной проверки', '127.0.0.1'),
	(89, '2020-09-25 23:24:37', 3, 'Запрос дополнительной проверки', '127.0.0.1'),
	(90, '2020-09-25 23:24:53', 3, 'Ошибка входа. Неправильный логин или пароль', '127.0.0.1'),
	(91, '2020-09-25 23:26:13', 3, 'Запрос дополнительной проверки', '127.0.0.1'),
	(92, '2020-09-25 23:28:39', 3, 'Запрос дополнительной проверки', '127.0.0.1'),
	(93, '2020-09-25 23:29:29', 3, 'Ошибка входа. Неправильный логин или пароль', '127.0.0.1'),
	(94, '2020-09-25 23:29:34', 3, 'Запрос дополнительной проверки', '127.0.0.1'),
	(95, '2020-09-25 23:30:26', 1, 'Запрос дополнительной проверки', '127.0.0.1'),
	(96, '2020-09-25 23:31:26', 1, 'Запрос дополнительной проверки', '127.0.0.1'),
	(97, '2020-09-25 23:31:34', 1, 'Запрос дополнительной проверки', '127.0.0.1'),
	(98, '2020-09-25 23:34:47', 1, 'Запрос дополнительной проверки', '127.0.0.1'),
	(99, '2020-09-25 23:35:30', 1, 'Успешный вход в систему', '127.0.0.1'),
	(100, '2020-09-25 23:35:55', 1, 'Запрос дополнительной проверки', '127.0.0.1'),
	(101, '2020-09-25 23:36:57', 1, 'Запрос дополнительной проверки', '127.0.0.1'),
	(102, '2020-09-25 23:37:19', 1, 'Ошибка входа. Неправильный логин или пароль', '127.0.0.1'),
	(103, '2020-09-25 23:37:22', 1, 'Запрос дополнительной проверки', '127.0.0.1'),
	(104, '2020-09-25 23:38:02', 1, 'Запрос дополнительной проверки', '127.0.0.1'),
	(105, '2020-09-25 23:39:04', 1, 'Запрос дополнительной проверки', '127.0.0.1'),
	(106, '2020-09-25 23:39:31', 1, 'Запрос дополнительной проверки', '127.0.0.1'),
	(107, '2020-09-25 23:40:02', 1, 'Запрос дополнительной проверки', '127.0.0.1'),
	(108, '2020-09-25 23:43:13', 1, 'Ошибка дополнительной проверки', '127.0.0.1'),
	(109, '2020-09-25 23:43:57', 1, 'Ошибка дополнительной проверки', '127.0.0.1'),
	(110, '2020-09-25 23:45:41', 1, 'Ошибка дополнительной проверки', '127.0.0.1'),
	(111, '2020-09-25 23:46:17', 1, 'Ошибка дополнительной проверки', '127.0.0.1'),
	(112, '2020-09-25 23:50:05', 1, 'Запрос дополнительной проверки', '127.0.0.1'),
	(113, '2020-09-25 23:53:16', 1, 'Ошибка дополнительной проверки', '127.0.0.1'),
	(114, '2020-09-25 23:53:52', 1, 'Запрос дополнительной проверки', '127.0.0.1'),
	(115, '2020-09-25 23:54:40', 1, 'Ошибка дополнительной проверки', '127.0.0.1'),
	(116, '2020-09-25 23:55:41', 1, 'Запрос дополнительной проверки', '127.0.0.1'),
	(117, '2020-09-25 23:56:04', 1, 'Запрос дополнительной проверки', '127.0.0.1'),
	(118, '2020-09-25 23:57:13', 3, 'Запрос дополнительной проверки', '127.0.0.1'),
	(119, '2020-09-25 23:57:25', 3, 'Запрос дополнительной проверки', '127.0.0.1'),
	(120, '2020-09-25 23:58:08', 3, 'Запрос дополнительной проверки', '127.0.0.1'),
	(121, '2020-09-25 23:58:29', 1, 'Запрос дополнительной проверки', '127.0.0.1'),
	(122, '2020-09-25 23:58:38', 1, 'Успешный вход в систему', '127.0.0.1'),
	(123, '2020-09-25 23:58:52', 3, 'Запрос дополнительной проверки', '127.0.0.1'),
	(124, '2020-09-25 23:59:04', 3, 'Запрос дополнительной проверки', '127.0.0.1'),
	(125, '2020-09-26 00:00:29', 1, 'Запрос дополнительной проверки', '127.0.0.1'),
	(126, '2020-09-26 00:00:38', 1, 'Запрос дополнительной проверки', '127.0.0.1'),
	(127, '2020-09-26 00:03:57', 3, 'Запрос дополнительной проверки', '127.0.0.1'),
	(128, '2020-09-26 00:04:06', 3, 'Запрос дополнительной проверки', '127.0.0.1'),
	(129, '2020-09-26 00:05:38', 3, 'Запрос дополнительной проверки', '127.0.0.1'),
	(130, '2020-09-26 00:05:47', 3, 'Успешный вход в систему', '127.0.0.1'),
	(131, '2020-09-26 00:06:16', 3, 'Успешный вход в систему', '127.0.0.1'),
	(132, '2020-09-26 00:06:45', 3, 'Запрос дополнительной проверки', '127.0.0.1'),
	(133, '2020-09-26 00:06:52', 3, 'Успешный вход в систему', '127.0.0.1'),
	(134, '2020-09-26 00:07:13', 1, 'Запрос дополнительной проверки', '127.0.0.1'),
	(135, '2020-09-26 00:19:13', 1, 'Запрос дополнительной проверки', '127.0.0.1'),
	(136, '2020-09-26 00:19:36', 1, 'Запрос дополнительной проверки', '127.0.0.1'),
	(137, '2020-09-26 00:20:17', 1, 'Запрос дополнительной проверки', '127.0.0.1'),
	(138, '2020-09-26 00:20:34', 1, 'Запрос дополнительной проверки', '127.0.0.1'),
	(139, '2020-09-26 00:21:10', 1, 'Успешный вход в систему', '127.0.0.1'),
	(140, '2020-09-26 00:21:29', 1, 'Запрос дополнительной проверки', '127.0.0.1'),
	(141, '2020-09-26 00:21:46', 3, 'Успешный вход в систему', '127.0.0.1'),
	(142, '2020-09-29 03:24:11', 1, 'Ошибка входа. Неправильный логин или пароль', '127.0.0.1'),
	(143, '2020-09-29 03:24:16', 1, 'Успешный вход в систему', '127.0.0.1'),
	(144, '2020-10-04 18:30:42', 2, 'Ошибка входа. Неправильный логин или пароль', '127.0.0.1'),
	(145, '2020-10-04 18:34:36', 2, 'Запрос дополнительной проверки', '127.0.0.1'),
	(146, '2020-10-04 18:35:03', 2, 'Успешный вход в систему', '127.0.0.1');
/*!40000 ALTER TABLE `logs` ENABLE KEYS */;

-- Дамп структуры для таблица kaf.quiz
CREATE TABLE IF NOT EXISTS `quiz` (
  `id` int(11) NOT NULL AUTO_INCREMENT,
  `question` varchar(300) NOT NULL,
  `good_answer` varchar(100) NOT NULL,
  `bad1_answer` varchar(100) NOT NULL,
  `bad2_answer` varchar(100) NOT NULL,
  `bad3_answer` varchar(100) NOT NULL,
  `updated_at` timestamp NULL DEFAULT CURRENT_TIMESTAMP ON UPDATE CURRENT_TIMESTAMP,
  `block` int(1) NOT NULL DEFAULT '0',
  `deleted` int(1) NOT NULL DEFAULT '0',
  `user_id` int(1) NOT NULL DEFAULT '1',
  PRIMARY KEY (`id`),
  KEY `FK_quiz_users` (`user_id`),
  CONSTRAINT `FK_quiz_users` FOREIGN KEY (`user_id`) REFERENCES `users` (`id`)
) ENGINE=InnoDB AUTO_INCREMENT=62 DEFAULT CHARSET=utf8;

-- Дамп данных таблицы kaf.quiz: ~61 rows (приблизительно)
/*!40000 ALTER TABLE `quiz` DISABLE KEYS */;
INSERT INTO `quiz` (`id`, `question`, `good_answer`, `bad1_answer`, `bad2_answer`, `bad3_answer`, `updated_at`, `block`, `deleted`, `user_id`) VALUES
	(1, 'Какая   аминокислота   обеспечивает   гибкость   белковой   молекулы ?', 'пролин', 'лизин', 'аденин', 'треонин', '2020-09-28 22:22:27', 1, 0, 1),
	(2, 'Третичная структура белка образована связями :', 'водородными, гидрофобными, ионными', 'водородными, пептидными, гидрофобными', 'пептидными, гидрофобными, ионными', 'ван-дер-ваальсовыми, ковалентными, пептидными', '2020-09-29 02:16:39', 1, 0, 1),
	(3, 'Первичная   структура       белка   образована       связями :', 'пептидными', 'водородными', 'гидрофо бными', 'ван-дер-ваальсовыми', '2020-09-28 22:22:47', 1, 0, 1),
	(4, 'Мономером   нуклеиновых   кислот   является :', 'нуклеотид', 'глицерин', 'аминокислота', 'глюкоза', '2020-09-28 21:37:19', 0, 0, 1),
	(5, 'Пептидазы - это   ферменты, участвующие   в   расщеплении:', 'белков', 'липидов', 'нуклеиновых   кислот', 'углеводов', '2020-09-28 21:37:20', 0, 0, 1),
	(6, 'При   электрофорезе   сыворотки   крови   выделяются   следующие   фракции   белков :', 'альбумины ,       б-      глобулины ,       в-      глобулины ,       г-      глобулины', 'в-     глобулины ,      е-     глобулины  , альбумины  , фибрин', 'глобулины ,      б-     альбумины ,      в-     альбумины ,      г-     альбумины', 'б-     альбумины ,      в-     альбумины ,      б-     глобулины ,      в-     глобулин ы', '2020-09-29 03:11:29', 1, 0, 1),
	(7, 'Скрытые   внутри   третичной   структуры   белка   участки   становятся   открытыми   при :', 'денатурации', 'ренатурации', 'фолдинге', 'гидролизе', '2020-09-28 21:37:21', 0, 0, 1),
	(8, 'В   качестве       рецепторов   на       поверхности   клетки   чаще   всего   выступают :', 'гликопротеины', 'липиды', 'ионные   каналы', 'поли сахариды', '2020-10-02 23:26:29', 1, 0, 1),
	(9, 'Домены   белков   являются   элементом :', 'третичной   структуры   белка', 'первичной   структуры   белка', 'вторичной   структуры   белка', 'четвертичной   структуры   белка', '2020-09-28 21:37:23', 0, 0, 1),
	(10, 'Иммуноглобулины   (антитела  ) являются :', 'глобулярными   белками', 'фибриллярными   белками', 'мембранными   белками', 'альбуминами', '2020-09-28 21:37:24', 0, 0, 1),
	(11, '«Отработанные»   белки   в   клетке   подвергаются   действию :', 'протеасом', 'нуклеасом', 'цитохромов', 'эндосом', '2020-09-28 21:37:25', 0, 0, 1),
	(12, 'Транскрипция - это:', 'синтез РНК', 'синтез белка', 'синтез ДНК', 'то же, что и сплайсинг', '2020-09-28 21:37:56', 0, 0, 1),
	(13, 'Посттранскрип ционная   модификация   РНК   включает   в   себя   процессы :', 'сплайсинга', 'ацетилирования', 'энхансинга', 'элонгации', '2020-09-28 21:37:58', 0, 0, 1),
	(14, 'Пептиды   и   белки   синтезируются   в   результате :', 'трансляции', 'инициации', 'транскрипции', 'терминации', '2020-09-28 21:37:57', 0, 0, 1),
	(15, 'Селезенка   располагается :', 'ниже   диафр агмы   в   верхней   левой   части   брюшной   полости', 'ниже   диафрагмы   в   верхней   правой   части   брюшной   полости', 'ниже   диафрагмы   в   нижней   левой   части   брюшной   полости', 'выше   диафрагмы   в   верхней   левой   части   брюшной   полости', '2020-09-28 21:38:05', 0, 0, 1),
	(16, 'Селезенка   является :', 'органом   кроветворения', 'железой   внутренней   секреции', 'полым   органом', 'органом   пищеварительной   системы', '2020-09-26 01:37:13', 0, 0, 1),
	(17, 'В   селезенке   выделяют :', 'белую   и   красную   пульпу', 'белую   пульпу   и       в     -островки', 'белую   пульпу  , красную   пульпу   и   пирамиды', 'красную   пульпу   и       в     -островки', '2020-09-26 01:37:13', 0, 0, 1),
	(18, 'Красный   костный   мозг   находится :', 'в   плоских   костях', 'в   трубчатых   костях  , в   метафизах', 'в   трубчатых   костях  , в   диафизах', 'в   воздухоносных   костях', '2020-09-29 00:14:51', 1, 0, 1),
	(19, 'Незре лые   клетки   в   норме   можно   найти :', 'в   костном   мозге', 'в   лимфоузлах', 'в   селезенке', 'в   печени', '2020-09-26 01:37:13', 0, 0, 1),
	(20, 'Нейтрофилы  , базофилы  , эозинофилы   являются :', 'лейкоцитами', 'лимфоцитами', 'моноцитами', 'бактериофагами', '2020-10-01 22:08:27', 1, 0, 1),
	(21, 'Тимус (вилочковая   железа  ) располагается:', 'в грудной полости', 'в головном мозге', 'в брюшной полости', 'в плевральной полости', '2020-09-26 01:37:13', 0, 0, 1),
	(22, 'Только   у   плода   органом   кроветворения   является :', 'печень', 'почка', 'костный   мозг', 'тимус', '2020-09-26 01:37:13', 0, 0, 1),
	(23, 'Основная   функция   лизосом   клетки   состоит   в :', 'внутриклеточном переваривании', 'биосинтезе   белка', 'синтезе АТФ', 'накоплении и выделении секрета', '2020-09-28 21:38:04', 0, 0, 1),
	(24, 'Механизмы нарушения барьерных свойств мембран при патологии следующие, кроме:', 'снижения синтеза белка', 'активации перекисного окисления липидов', 'активации эндогенных фосфолипаз', 'перерастяжения мембран при набухании клеток', '2020-09-26 01:37:13', 0, 0, 1),
	(25, 'Ядро в клетке выполняет функцию:', 'хранения и реализации генетической информации', 'синтеза АТФ', 'синтеза гликогена', 'активации ферментов', '2020-09-29 03:11:10', 1, 0, 1),
	(26, 'Аппарат Гольджи выполняет перечисленные функции, кроме:', 'окислительного фосфорилирования', 'гранулогенеза', 'синтеза гликопротеинов для гликокаликса', 'все', '2020-10-01 22:08:21', 1, 0, 1),
	(27, 'Плазмолемма осуществляет:', 'все перечисленное', 'образование псевдоподий', 'экзоцитоз', 'пиноцитоз', '2020-09-26 01:37:13', 0, 0, 1),
	(28, 'Лизосомы не участвуют в:', 'образовании иммуноглобулинов', 'регенерации тканей', 'развитии воспаления', 'всем перечисленном', '2020-09-26 01:37:13', 0, 0, 1),
	(29, 'Основные свойства мембран:', 'все перечисленное', 'полупроницаемость', 'замкнутость', 'построение по типу липидного бислоя', '2020-09-26 01:37:13', 0, 0, 1),
	(30, 'На рибосомах синтезируется:', 'белок', 'ДНК', 'РНК', 'аминокислоты', '2020-09-26 01:37:13', 0, 0, 1),
	(31, 'Форма физиологической гибели клетки:', 'апоптоз', 'некроз', 'казеоз', 'гной', '2020-10-01 22:08:14', 1, 0, 1),
	(32, 'Особенность структуры костного мозга грудных детей:', 'активный костный мозг в трубчатых костях', 'рассоср    едоточенность по костям скелета', 'очаги кроветворения в печени', 'активный костный мозг в ребрах и телах позвонков', '2020-09-26 01:37:13', 0, 0, 1),
	(33, 'Особенность структуры и функции костного мозга пожилых людей:', 'все ответы  правильные', 'гипоплазия кроветворения', 'увеличение доли жирового костного мозга', 'анемия', '2020-09-26 01:37:13', 0, 0, 1),
	(34, 'Лейкоцитоз наблюдается при:', 'лейкозах', 'аплазии и гипоплазии костного мозга', 'гиперспленизме', 'лучевой болезни', '2020-10-01 22:08:09', 1, 0, 1),
	(35, 'Под абсолютным количеством лейкоцитов понимают:', 'количество лейкоцитов в 1 л крови', 'процентное содержание отдельных видов лейкоцитов в лейкоформуле', 'количество лейкоцитов в мазке периферической крови', 'все ответы правильные', '2020-09-26 01:37:13', 0, 0, 1),
	(36, 'Под &quot;относительным нейтрофилезом&quot; понимают:', 'увеличение процентного содержания нейтрофилов при нормальном абсолютном их количестве', 'увеличение процентного и абсолютного содержания нейтрофилов', 'увеличение их абсолютного числа', 'уменьшение процентного содержания нейтрофилов', '2020-10-01 22:08:06', 1, 0, 1),
	(37, 'Стволовая кроветворная клетка обладает:', 'всеми перечисленными свойствами', 'полипотентностью - способностью к дифференцировке', 'свойством регулировать кроветворение по различным линиям кроветворения', 'способностью к самоподдержанию', '2020-09-29 00:15:26', 1, 0, 1),
	(38, 'К элементам микроокружения костного мозга относятся:', 'все перечисленные клетки', 'ретикулярные клетки', 'фибробласты', 'остеобласты и остеокласты', '2020-10-01 22:07:56', 1, 0, 1),
	(39, 'Клетки стромы костного мозга выполняют:', 'все перечисленные', 'регуляцию гемопоэза', 'опорную (механоциты)', 'трофическую функцию', '2020-09-26 01:37:13', 0, 0, 1),
	(40, 'Гранулоциты образуются в:', 'костном мозге', 'c    елезенке', 'лимфатических узлах', 'селезенке и лимфатических узлах', '2020-09-29 03:11:47', 1, 0, 1),
	(41, 'Тромбоциты образуются в:', 'костном мозге', 'селезенке', 'лимфатических узлах', 'все ответы правильные', '2020-09-26 01:37:13', 0, 0, 1),
	(42, 'Синтез белка осуществляется на:', 'рибосомах', 'лизосомах', 'комплексе Гольджи', 'лизосомах и комплексе гольджи', '2020-09-26 01:37:13', 0, 0, 1),
	(43, 'Основная функция рибосом включает:', 'синтез белков', 'синтез гликогена', 'синтез РНК', 'выделительная', '2020-09-26 01:37:13', 0, 0, 1),
	(44, 'Основная функция митохондрии:', 'синтез АТФ', 'синтез гликогена', 'синтез жира', 'расщепление гликогена', '2020-09-26 01:37:13', 0, 0, 1),
	(45, 'Переваривающие функции в клетке свойственны:', 'лизосомам', 'комплексу Гольджи', 'рибосомам', 'эндоплазматической сети', '2020-09-30 02:38:49', 1, 0, 1),
	(46, 'Комплекс Гольджи выполняет в клетке следующие функции:', 'упаковка, конденсация и выведение белковых секретов', 'участие в синтезе углеводов и гликопротеинов', 'формирование лизосом', 'синтез глюкозы', '2020-09-29 03:10:49', 1, 0, 1),
	(47, 'Генетическая информация сосредоточена в:', 'ДНК ядра', 'ядерной мембране', 'ядрышке', 'нуклеоплазме', '2020-09-29 00:13:13', 1, 0, 1),
	(48, 'Ядрышко содержит преимущественно:', 'РНК', 'ДНК', 'гликоген', 'жир', '2020-09-28 22:09:24', 1, 0, 1),
	(49, 'Флуориметрия основана на:', 'измерении вторичного светового потока', 'измерении угла преломления света', 'поглощения электромагнитного излучения веществом', 'рассеянии света веществом', '2020-09-29 03:12:27', 1, 0, 1),
	(50, 'Понятие &quot;абсорбция&quot; в фотометрии идентично понятию:', 'оптическая плотность', 'тушение', 'пропускание', 'рассеивание', '2020-09-30 17:49:32', 1, 0, 1),
	(51, 'Укажите анатомические структуры, не имеющие отношения к внутреннему', 'эозинофильная пульпа', 'строению селезенки', 'красная пульпа', 'белая пульпа', '2020-09-29 00:08:29', 1, 0, 1),
	(52, 'ываыва', 'выаааыв', '1ываы', 'кыва', 'ыва', '2020-09-26 01:37:13', 0, 0, 1),
	(53, 'фыввм', 'фмфам', 'мфм', 'фам', 'фамф', '2020-09-26 01:37:13', 0, 0, 1),
	(54, 'При   электрофорезе   сыворотки   крови   выделяются   следующие   фракции   белков', 'альбумины, б-глобулины,       в-      глобулины ,       г-      глобулины', 'в-     глобулины ,      е-     глобулины  , альбумины  , фибрин', 'глобулины ,      б-     альбумины ,      в-     альбумины ,      г-     альбумины', 'б-     альбумины ,      в-     альбумины ,      б-     глобулины ,      в-     глобулин ы', '2020-09-30 00:37:42', 1, 0, 1),
	(55, 'Лейкоцитоз наблюдается при:', 'лейкозах', 'аплазии и гипоплазии костного мозга', 'гиперспленизме', 'лучевой болезни', '2020-09-29 22:58:38', 1, 0, 1),
	(56, 'Клетки стромы костного мозга выполняют:', 'все перечисленные', 'регуляцию гемопоэза', 'опорную (механоциты)', 'трофическую функцию', '2020-09-28 21:48:14', 1, 0, 1),
	(57, 'Клетки стромы костного мозга выполняют:', 'все перечисленные', 'регуляцию гемопоэза', 'опорную (механоциты)', 'трофическую функцию', '2020-09-29 00:26:25', 1, 1, 1),
	(58, 'fdsafssd  s afd f', 'ывапывап', 'регуляцию гемопоэза', 'опорную (механоциты)', 'трофическую функцию', '2020-09-29 02:14:48', 1, 1, 1),
	(59, 'bb sb sgbg ', 'ывапывап', 'регуляцию гемопоэза', 'опорную (механоциты)', 'трофическую функцию', '2020-09-29 01:34:32', 1, 0, 1),
	(60, 'sddd ds asd asd', 'ывапывап', 'asdf asdf ', 'afasdf', ' asdf asdfs', '2020-09-30 01:00:33', 1, 0, 3),
	(61, 'sddd ds asd asd', 'лейкозах321', 'регуляцию гемопоэза', 'afasdf', 'asdf asdfs', '2020-10-01 22:07:30', 1, 0, 1);
/*!40000 ALTER TABLE `quiz` ENABLE KEYS */;

-- Дамп структуры для таблица kaf.quiz_key
CREATE TABLE IF NOT EXISTS `quiz_key` (
  `id` int(1) NOT NULL AUTO_INCREMENT,
  `topic_id` int(1) NOT NULL,
  `version` int(11) NOT NULL,
  `variant` int(2) NOT NULL,
  `user_id` int(11) DEFAULT NULL,
  `q1` int(10) NOT NULL DEFAULT '0',
  `q1a` int(1) NOT NULL DEFAULT '0',
  `q2` int(10) NOT NULL DEFAULT '0',
  `q2a` int(1) NOT NULL DEFAULT '0',
  `q3` int(10) NOT NULL DEFAULT '0',
  `q3a` int(1) NOT NULL DEFAULT '0',
  `q4` int(10) NOT NULL DEFAULT '0',
  `q4a` int(1) NOT NULL DEFAULT '0',
  `q5` int(10) NOT NULL DEFAULT '0',
  `q5a` int(1) NOT NULL DEFAULT '0',
  `q6` int(10) NOT NULL DEFAULT '0',
  `q6a` int(1) NOT NULL DEFAULT '0',
  `q7` int(10) NOT NULL DEFAULT '0',
  `q7a` int(1) NOT NULL DEFAULT '0',
  `q8` int(10) NOT NULL DEFAULT '0',
  `q8a` int(1) NOT NULL DEFAULT '0',
  `q9` int(10) NOT NULL DEFAULT '0',
  `q9a` int(1) NOT NULL DEFAULT '0',
  `q10` int(10) NOT NULL DEFAULT '0',
  `q10a` int(1) NOT NULL DEFAULT '0',
  `q11` int(10) NOT NULL DEFAULT '0',
  `q11a` int(1) NOT NULL DEFAULT '0',
  `q12` int(10) NOT NULL DEFAULT '0',
  `q12a` int(1) NOT NULL DEFAULT '0',
  `q13` int(10) NOT NULL DEFAULT '0',
  `q13a` int(1) NOT NULL DEFAULT '0',
  `q14` int(10) NOT NULL DEFAULT '0',
  `q14a` int(1) NOT NULL DEFAULT '0',
  `q15` int(10) NOT NULL DEFAULT '0',
  `q15a` int(1) NOT NULL DEFAULT '0',
  `q16` int(10) NOT NULL DEFAULT '0',
  `q16a` int(1) NOT NULL DEFAULT '0',
  `q17` int(10) NOT NULL DEFAULT '0',
  `q17a` int(1) NOT NULL DEFAULT '0',
  `q18` int(10) NOT NULL DEFAULT '0',
  `q18a` int(1) NOT NULL DEFAULT '0',
  `q19` int(10) NOT NULL DEFAULT '0',
  `q19a` int(1) NOT NULL DEFAULT '0',
  `q20` int(10) NOT NULL DEFAULT '0',
  `q20a` int(1) NOT NULL DEFAULT '0',
  `deleted` int(11) DEFAULT '0',
  `updated_at` timestamp NOT NULL DEFAULT CURRENT_TIMESTAMP ON UPDATE CURRENT_TIMESTAMP,
  PRIMARY KEY (`id`),
  KEY `FK_quiz_key_topics` (`topic_id`),
  KEY `FK_quiz_key_users` (`user_id`),
  CONSTRAINT `FK_quiz_key_topics` FOREIGN KEY (`topic_id`) REFERENCES `topics` (`id`),
  CONSTRAINT `FK_quiz_key_users` FOREIGN KEY (`user_id`) REFERENCES `users` (`id`)
) ENGINE=InnoDB AUTO_INCREMENT=116 DEFAULT CHARSET=utf8;

-- Дамп данных таблицы kaf.quiz_key: ~4 rows (приблизительно)
/*!40000 ALTER TABLE `quiz_key` DISABLE KEYS */;
INSERT INTO `quiz_key` (`id`, `topic_id`, `version`, `variant`, `user_id`, `q1`, `q1a`, `q2`, `q2a`, `q3`, `q3a`, `q4`, `q4a`, `q5`, `q5a`, `q6`, `q6a`, `q7`, `q7a`, `q8`, `q8a`, `q9`, `q9a`, `q10`, `q10a`, `q11`, `q11a`, `q12`, `q12a`, `q13`, `q13a`, `q14`, `q14a`, `q15`, `q15a`, `q16`, `q16a`, `q17`, `q17a`, `q18`, `q18a`, `q19`, `q19a`, `q20`, `q20a`, `deleted`, `updated_at`) VALUES
	(1, 1, 1, 1, 1, 1, 4, 2, 3, 3, 2, 4, 2, 5, 3, 6, 1, 7, 3, 8, 2, 9, 2, 11, 3, 51, 2, 0, 0, 0, 0, 0, 0, 0, 0, 0, 0, 0, 0, 0, 0, 0, 0, 0, 0, 0, '2020-09-27 23:17:02'),
	(2, 1, 1, 2, 1, 3, 2, 4, 2, 1, 3, 4, 4, 4, 3, 1, 4, 3, 4, 3, 0, 0, 0, 0, 0, 0, 0, 0, 0, 0, 0, 0, 0, 0, 0, 0, 0, 0, 0, 0, 0, 0, 0, 0, 0, 0, '2020-09-27 23:17:03'),
	(3, 1, 1, 3, 1, 2, 3, 4, 3, 2, 1, 4, 4, 4, 2, 2, 3, 3, 1, 3, 0, 0, 0, 0, 0, 0, 0, 0, 0, 0, 0, 0, 0, 0, 0, 0, 0, 0, 0, 0, 0, 0, 0, 0, 0, 0, '2020-09-27 23:17:05'),
	(4, 1, 1, 4, 1, 1, 2, 1, 3, 4, 3, 3, 4, 3, 2, 3, 4, 3, 4, 1, 0, 0, 0, 0, 0, 0, 0, 0, 0, 0, 0, 0, 0, 0, 0, 0, 0, 0, 0, 0, 0, 0, 0, 0, 0, 0, '2020-09-27 23:17:06'),
	(67, 1, 3, 1, 1, 18, 2, 61, 4, 31, 1, 34, 2, 36, 2, 26, 3, 20, 4, 38, 1, 0, 0, 0, 0, 0, 0, 0, 0, 0, 0, 0, 0, 0, 0, 0, 0, 0, 0, 0, 0, 0, 0, 0, 0, 0, '2020-10-02 02:54:38'),
	(68, 1, 3, 2, 1, 26, 1, 61, 1, 34, 2, 20, 4, 31, 1, 18, 2, 38, 1, 36, 1, 0, 0, 0, 0, 0, 0, 0, 0, 0, 0, 0, 0, 0, 0, 0, 0, 0, 0, 0, 0, 0, 0, 0, 0, 0, '2020-10-02 02:54:38'),
	(69, 1, 3, 3, 1, 61, 4, 34, 4, 26, 2, 38, 2, 18, 2, 36, 3, 20, 4, 31, 3, 0, 0, 0, 0, 0, 0, 0, 0, 0, 0, 0, 0, 0, 0, 0, 0, 0, 0, 0, 0, 0, 0, 0, 0, 0, '2020-10-02 02:54:38'),
	(70, 1, 3, 4, 1, 61, 4, 36, 3, 26, 1, 31, 4, 34, 1, 20, 4, 18, 2, 38, 2, 0, 0, 0, 0, 0, 0, 0, 0, 0, 0, 0, 0, 0, 0, 0, 0, 0, 0, 0, 0, 0, 0, 0, 0, 0, '2020-10-02 02:54:38'),
	(71, 1, 4, 1, 1, 31, 4, 38, 1, 34, 1, 61, 1, 26, 3, 18, 2, 20, 1, 36, 4, 0, 0, 0, 0, 0, 0, 0, 0, 0, 0, 0, 0, 0, 0, 0, 0, 0, 0, 0, 0, 0, 0, 0, 0, 0, '2020-10-02 02:55:48'),
	(72, 1, 4, 2, 1, 61, 2, 34, 4, 26, 3, 36, 4, 38, 2, 18, 2, 31, 2, 20, 1, 0, 0, 0, 0, 0, 0, 0, 0, 0, 0, 0, 0, 0, 0, 0, 0, 0, 0, 0, 0, 0, 0, 0, 0, 0, '2020-10-02 02:55:48'),
	(73, 1, 4, 3, 1, 31, 4, 36, 3, 18, 4, 26, 3, 38, 1, 61, 1, 20, 2, 34, 3, 0, 0, 0, 0, 0, 0, 0, 0, 0, 0, 0, 0, 0, 0, 0, 0, 0, 0, 0, 0, 0, 0, 0, 0, 0, '2020-10-02 02:55:48'),
	(74, 1, 4, 4, 1, 26, 1, 34, 2, 31, 4, 61, 3, 18, 2, 36, 3, 20, 1, 38, 2, 0, 0, 0, 0, 0, 0, 0, 0, 0, 0, 0, 0, 0, 0, 0, 0, 0, 0, 0, 0, 0, 0, 0, 0, 0, '2020-10-02 02:55:48'),
	(75, 1, 4, 5, 1, 36, 3, 38, 1, 20, 3, 34, 2, 18, 3, 61, 3, 26, 1, 31, 3, 0, 0, 0, 0, 0, 0, 0, 0, 0, 0, 0, 0, 0, 0, 0, 0, 0, 0, 0, 0, 0, 0, 0, 0, 0, '2020-10-02 02:55:48'),
	(76, 1, 4, 6, 1, 61, 2, 34, 1, 26, 4, 20, 4, 31, 3, 38, 2, 18, 1, 36, 2, 0, 0, 0, 0, 0, 0, 0, 0, 0, 0, 0, 0, 0, 0, 0, 0, 0, 0, 0, 0, 0, 0, 0, 0, 0, '2020-10-02 02:55:48'),
	(77, 1, 4, 7, 1, 26, 3, 20, 1, 31, 1, 36, 2, 38, 2, 18, 2, 34, 2, 61, 2, 0, 0, 0, 0, 0, 0, 0, 0, 0, 0, 0, 0, 0, 0, 0, 0, 0, 0, 0, 0, 0, 0, 0, 0, 0, '2020-10-02 02:55:48'),
	(78, 1, 4, 8, 1, 36, 4, 61, 3, 34, 3, 38, 3, 18, 2, 20, 4, 26, 2, 31, 4, 0, 0, 0, 0, 0, 0, 0, 0, 0, 0, 0, 0, 0, 0, 0, 0, 0, 0, 0, 0, 0, 0, 0, 0, 0, '2020-10-02 02:55:48'),
	(79, 1, 5, 1, 1, 38, 3, 20, 2, 34, 3, 61, 3, 31, 1, 18, 1, 36, 4, 26, 2, 0, 0, 0, 0, 0, 0, 0, 0, 0, 0, 0, 0, 0, 0, 0, 0, 0, 0, 0, 0, 0, 0, 0, 0, 0, '2020-10-02 02:58:07'),
	(80, 1, 5, 2, 1, 38, 2, 36, 1, 34, 4, 61, 1, 26, 1, 31, 2, 18, 3, 20, 3, 0, 0, 0, 0, 0, 0, 0, 0, 0, 0, 0, 0, 0, 0, 0, 0, 0, 0, 0, 0, 0, 0, 0, 0, 0, '2020-10-02 02:58:07'),
	(81, 1, 5, 3, 1, 31, 2, 36, 2, 20, 3, 18, 3, 34, 4, 26, 1, 61, 1, 38, 3, 0, 0, 0, 0, 0, 0, 0, 0, 0, 0, 0, 0, 0, 0, 0, 0, 0, 0, 0, 0, 0, 0, 0, 0, 0, '2020-10-02 02:58:07'),
	(82, 1, 5, 4, 1, 61, 4, 26, 4, 34, 3, 20, 1, 38, 3, 31, 3, 18, 3, 36, 3, 0, 0, 0, 0, 0, 0, 0, 0, 0, 0, 0, 0, 0, 0, 0, 0, 0, 0, 0, 0, 0, 0, 0, 0, 0, '2020-10-02 02:58:07'),
	(83, 1, 6, 1, 1, 20, 4, 34, 3, 61, 1, 26, 2, 31, 1, 38, 4, 18, 4, 36, 1, 0, 0, 0, 0, 0, 0, 0, 0, 0, 0, 0, 0, 0, 0, 0, 0, 0, 0, 0, 0, 0, 0, 0, 0, 0, '2020-10-02 22:10:38'),
	(84, 1, 6, 2, 1, 31, 1, 18, 1, 61, 3, 38, 1, 34, 2, 20, 3, 26, 4, 36, 3, 0, 0, 0, 0, 0, 0, 0, 0, 0, 0, 0, 0, 0, 0, 0, 0, 0, 0, 0, 0, 0, 0, 0, 0, 0, '2020-10-02 22:10:38'),
	(85, 1, 6, 3, 1, 20, 4, 26, 2, 18, 1, 38, 3, 31, 2, 34, 4, 36, 2, 61, 2, 0, 0, 0, 0, 0, 0, 0, 0, 0, 0, 0, 0, 0, 0, 0, 0, 0, 0, 0, 0, 0, 0, 0, 0, 0, '2020-10-02 22:10:38'),
	(86, 1, 6, 4, 1, 36, 1, 61, 1, 31, 4, 38, 2, 26, 3, 34, 4, 18, 2, 20, 4, 0, 0, 0, 0, 0, 0, 0, 0, 0, 0, 0, 0, 0, 0, 0, 0, 0, 0, 0, 0, 0, 0, 0, 0, 0, '2020-10-02 22:10:38'),
	(87, 8, 1, 1, 1, 50, 4, 0, 0, 0, 0, 0, 0, 0, 0, 0, 0, 0, 0, 0, 0, 0, 0, 0, 0, 0, 0, 0, 0, 0, 0, 0, 0, 0, 0, 0, 0, 0, 0, 0, 0, 0, 0, 0, 0, 0, '2020-10-02 22:11:48'),
	(88, 8, 1, 2, 1, 50, 3, 0, 0, 0, 0, 0, 0, 0, 0, 0, 0, 0, 0, 0, 0, 0, 0, 0, 0, 0, 0, 0, 0, 0, 0, 0, 0, 0, 0, 0, 0, 0, 0, 0, 0, 0, 0, 0, 0, 0, '2020-10-02 22:11:48'),
	(89, 8, 1, 3, 1, 50, 2, 0, 0, 0, 0, 0, 0, 0, 0, 0, 0, 0, 0, 0, 0, 0, 0, 0, 0, 0, 0, 0, 0, 0, 0, 0, 0, 0, 0, 0, 0, 0, 0, 0, 0, 0, 0, 0, 0, 0, '2020-10-02 22:11:48'),
	(90, 8, 1, 4, 1, 50, 2, 0, 0, 0, 0, 0, 0, 0, 0, 0, 0, 0, 0, 0, 0, 0, 0, 0, 0, 0, 0, 0, 0, 0, 0, 0, 0, 0, 0, 0, 0, 0, 0, 0, 0, 0, 0, 0, 0, 0, '2020-10-02 22:11:48'),
	(91, 1, 7, 1, 1, 38, 3, 18, 3, 26, 4, 61, 2, 31, 4, 34, 4, 36, 3, 20, 2, 0, 0, 0, 0, 0, 0, 0, 0, 0, 0, 0, 0, 0, 0, 0, 0, 0, 0, 0, 0, 0, 0, 0, 0, 0, '2020-10-02 22:59:14'),
	(92, 1, 7, 2, 1, 18, 2, 31, 4, 61, 4, 20, 1, 34, 3, 36, 1, 26, 2, 38, 2, 0, 0, 0, 0, 0, 0, 0, 0, 0, 0, 0, 0, 0, 0, 0, 0, 0, 0, 0, 0, 0, 0, 0, 0, 0, '2020-10-02 22:59:14'),
	(93, 1, 7, 3, 1, 26, 4, 31, 4, 38, 4, 20, 3, 36, 1, 34, 2, 18, 1, 61, 3, 0, 0, 0, 0, 0, 0, 0, 0, 0, 0, 0, 0, 0, 0, 0, 0, 0, 0, 0, 0, 0, 0, 0, 0, 0, '2020-10-02 22:59:14'),
	(94, 1, 7, 4, 1, 38, 4, 36, 4, 31, 2, 18, 1, 34, 1, 61, 2, 26, 3, 20, 2, 0, 0, 0, 0, 0, 0, 0, 0, 0, 0, 0, 0, 0, 0, 0, 0, 0, 0, 0, 0, 0, 0, 0, 0, 0, '2020-10-02 22:59:14'),
	(95, 1, 8, 1, 1, 18, 3, 34, 4, 1, 2, 6, 3, 38, 4, 26, 2, 31, 1, 3, 1, 20, 2, 8, 1, 36, 4, 61, 3, 0, 0, 0, 0, 0, 0, 0, 0, 0, 0, 0, 0, 0, 0, 0, 0, 0, '2020-10-02 23:26:42'),
	(96, 1, 8, 2, 1, 61, 3, 31, 2, 20, 4, 18, 3, 36, 1, 6, 2, 1, 2, 3, 1, 26, 2, 8, 2, 34, 2, 38, 1, 0, 0, 0, 0, 0, 0, 0, 0, 0, 0, 0, 0, 0, 0, 0, 0, 0, '2020-10-02 23:26:42'),
	(97, 1, 8, 3, 1, 34, 4, 26, 3, 31, 1, 3, 4, 36, 3, 61, 4, 6, 1, 18, 4, 1, 3, 38, 1, 8, 2, 20, 4, 0, 0, 0, 0, 0, 0, 0, 0, 0, 0, 0, 0, 0, 0, 0, 0, 0, '2020-10-02 23:26:42'),
	(98, 1, 8, 4, 1, 6, 1, 36, 3, 26, 3, 20, 4, 8, 1, 31, 1, 3, 4, 38, 3, 34, 2, 1, 1, 61, 3, 18, 1, 0, 0, 0, 0, 0, 0, 0, 0, 0, 0, 0, 0, 0, 0, 0, 0, 0, '2020-10-02 23:26:42'),
	(99, 1, 9, 1, 1, 31, 1, 38, 1, 61, 1, 6, 2, 26, 2, 3, 1, 18, 3, 20, 2, 8, 1, 1, 4, 36, 1, 34, 3, 0, 0, 0, 0, 0, 0, 0, 0, 0, 0, 0, 0, 0, 0, 0, 0, 0, '2020-10-04 15:12:34'),
	(100, 1, 9, 2, 1, 6, 3, 31, 3, 38, 4, 36, 1, 3, 3, 8, 4, 20, 3, 18, 2, 1, 3, 61, 2, 34, 1, 26, 1, 0, 0, 0, 0, 0, 0, 0, 0, 0, 0, 0, 0, 0, 0, 0, 0, 0, '2020-10-04 15:12:34'),
	(101, 1, 9, 3, 1, 1, 4, 20, 4, 36, 1, 26, 3, 31, 2, 3, 1, 8, 4, 6, 2, 38, 1, 61, 4, 18, 1, 34, 3, 0, 0, 0, 0, 0, 0, 0, 0, 0, 0, 0, 0, 0, 0, 0, 0, 0, '2020-10-04 15:12:34'),
	(102, 1, 9, 4, 1, 36, 3, 38, 1, 6, 1, 18, 3, 1, 1, 61, 3, 20, 1, 8, 3, 34, 2, 3, 1, 26, 1, 31, 4, 0, 0, 0, 0, 0, 0, 0, 0, 0, 0, 0, 0, 0, 0, 0, 0, 0, '2020-10-04 15:12:34'),
	(103, 1, 9, 5, 1, 1, 1, 38, 3, 36, 2, 31, 4, 26, 2, 3, 4, 61, 3, 34, 1, 6, 2, 18, 2, 8, 3, 20, 4, 0, 0, 0, 0, 0, 0, 0, 0, 0, 0, 0, 0, 0, 0, 0, 0, 0, '2020-10-04 15:12:34'),
	(104, 1, 9, 6, 1, 1, 2, 3, 2, 6, 3, 31, 2, 18, 1, 34, 2, 26, 3, 20, 4, 8, 3, 38, 3, 36, 3, 61, 3, 0, 0, 0, 0, 0, 0, 0, 0, 0, 0, 0, 0, 0, 0, 0, 0, 0, '2020-10-04 15:12:34'),
	(105, 1, 9, 7, 1, 8, 4, 26, 3, 61, 2, 3, 2, 18, 1, 1, 4, 38, 3, 6, 3, 36, 2, 20, 3, 34, 2, 31, 4, 0, 0, 0, 0, 0, 0, 0, 0, 0, 0, 0, 0, 0, 0, 0, 0, 0, '2020-10-04 15:12:34'),
	(106, 1, 9, 8, 1, 20, 1, 38, 2, 34, 4, 6, 1, 8, 3, 31, 2, 61, 2, 3, 4, 1, 1, 26, 1, 36, 4, 18, 1, 0, 0, 0, 0, 0, 0, 0, 0, 0, 0, 0, 0, 0, 0, 0, 0, 0, '2020-10-04 15:12:34'),
	(107, 1, 10, 1, 1, 6, 2, 26, 1, 38, 3, 20, 1, 3, 4, 31, 1, 1, 2, 36, 1, 18, 3, 8, 2, 34, 3, 61, 2, 0, 0, 0, 0, 0, 0, 0, 0, 0, 0, 0, 0, 0, 0, 0, 0, 0, '2020-10-04 15:14:29'),
	(108, 1, 10, 2, 1, 26, 2, 38, 1, 1, 1, 34, 1, 61, 2, 20, 2, 31, 1, 3, 4, 18, 1, 6, 4, 36, 1, 8, 1, 0, 0, 0, 0, 0, 0, 0, 0, 0, 0, 0, 0, 0, 0, 0, 0, 0, '2020-10-04 15:14:29'),
	(109, 1, 10, 3, 1, 6, 1, 3, 1, 38, 1, 20, 3, 61, 2, 18, 1, 36, 3, 31, 2, 26, 1, 8, 1, 34, 3, 1, 3, 0, 0, 0, 0, 0, 0, 0, 0, 0, 0, 0, 0, 0, 0, 0, 0, 0, '2020-10-04 15:14:29'),
	(110, 1, 10, 4, 1, 20, 2, 61, 1, 8, 2, 26, 2, 31, 4, 18, 4, 36, 1, 3, 3, 6, 3, 38, 4, 34, 2, 1, 4, 0, 0, 0, 0, 0, 0, 0, 0, 0, 0, 0, 0, 0, 0, 0, 0, 0, '2020-10-04 15:14:29'),
	(111, 1, 11, 1, 1, 18, 2, 61, 4, 34, 4, 1, 4, 31, 1, 26, 4, 38, 1, 6, 1, 36, 2, 3, 3, 8, 2, 20, 1, 0, 0, 0, 0, 0, 0, 0, 0, 0, 0, 0, 0, 0, 0, 0, 0, 0, '2020-10-04 15:14:37'),
	(112, 1, 11, 2, 1, 6, 2, 3, 3, 31, 1, 61, 2, 38, 4, 26, 1, 36, 1, 1, 2, 34, 1, 18, 4, 20, 4, 8, 4, 0, 0, 0, 0, 0, 0, 0, 0, 0, 0, 0, 0, 0, 0, 0, 0, 0, '2020-10-04 15:14:37'),
	(113, 1, 11, 3, 1, 34, 3, 6, 3, 3, 4, 36, 1, 18, 1, 20, 1, 1, 2, 26, 4, 38, 4, 8, 4, 31, 1, 61, 3, 0, 0, 0, 0, 0, 0, 0, 0, 0, 0, 0, 0, 0, 0, 0, 0, 0, '2020-10-04 15:14:37'),
	(114, 1, 11, 4, 1, 18, 4, 3, 2, 6, 1, 31, 2, 1, 2, 36, 1, 8, 2, 20, 4, 61, 3, 38, 4, 26, 2, 34, 3, 0, 0, 0, 0, 0, 0, 0, 0, 0, 0, 0, 0, 0, 0, 0, 0, 0, '2020-10-04 15:14:37'),
	(115, 1, 11, 5, 1, 18, 2, 38, 2, 26, 4, 6, 3, 61, 1, 31, 4, 3, 1, 36, 1, 20, 2, 34, 4, 8, 2, 1, 1, 0, 0, 0, 0, 0, 0, 0, 0, 0, 0, 0, 0, 0, 0, 0, 0, 0, '2020-10-04 15:14:37');
/*!40000 ALTER TABLE `quiz_key` ENABLE KEYS */;

-- Дамп структуры для таблица kaf.quiz_temp
CREATE TABLE IF NOT EXISTS `quiz_temp` (
  `id` int(11) NOT NULL AUTO_INCREMENT,
  `question` varchar(300) NOT NULL,
  `good` varchar(100) NOT NULL,
  `bad1` varchar(100) NOT NULL,
  `bad2` varchar(100) NOT NULL,
  `bad3` varchar(100) NOT NULL,
  `tag_topic1` int(3) NOT NULL DEFAULT '0',
  `tag_topic2` int(3) NOT NULL DEFAULT '0',
  `tag_lech` int(1) NOT NULL DEFAULT '0',
  `tag_ped` int(1) NOT NULL DEFAULT '0',
  `tag_mbf3` int(1) NOT NULL DEFAULT '0',
  `tag_mbf4` int(1) NOT NULL DEFAULT '0',
  `tag_stom` int(1) NOT NULL DEFAULT '0',
  `tag_mpd` int(1) NOT NULL DEFAULT '0',
  `tag_lecheng` int(1) NOT NULL DEFAULT '0',
  `tag_stomeng` int(1) NOT NULL DEFAULT '0',
  `delete_q` int(1) NOT NULL DEFAULT '0',
  PRIMARY KEY (`id`)
) ENGINE=InnoDB AUTO_INCREMENT=101 DEFAULT CHARSET=utf8;

-- Дамп данных таблицы kaf.quiz_temp: ~100 rows (приблизительно)
/*!40000 ALTER TABLE `quiz_temp` DISABLE KEYS */;
INSERT INTO `quiz_temp` (`id`, `question`, `good`, `bad1`, `bad2`, `bad3`, `tag_topic1`, `tag_topic2`, `tag_lech`, `tag_ped`, `tag_mbf3`, `tag_mbf4`, `tag_stom`, `tag_mpd`, `tag_lecheng`, `tag_stomeng`, `delete_q`) VALUES
	(1, 'Медиаторы ранней фазы при гиперчувствительности замедленного типа\r\n', 'цитокины\r\n', 'лейкотриены В4 и D4\r\n', 'гистамин и кислые гидралазы\r\n', 'простагландины\r\n', 0, 0, 1, 1, 0, 1, 1, 1, 0, 1, 0),
	(2, 'Медиаторы ранней фазы при гиперчувствительности немедленного типа\r\n', 'гистамин и кислые гидралазы\r\n', 'лейкотриены В4 и D4\r\n', 'простагландины\r\n', 'цитокины\r\n', 0, 0, 1, 1, 0, 1, 1, 1, 0, 1, 0),
	(3, 'Основными клетками, участвующими в формировании аллергического воспаления, являются\r\n', 'эозинофилы\r\n', 'Т-лимфоциты\r\n', 'В-лимфоциты\r\n', 'нейтрофилы\r\n', 0, 0, 1, 1, 0, 1, 1, 1, 0, 1, 0),
	(4, 'В базофилах и тучных клетках предсуществуют следующие медиаторы\r\n', 'гистамин\r\n', 'лейкотриены С4, D4, E4\r\n', 'фактор, активирующий тромбоциты (ФАТ)\r\n', 'простагландины\r\n', 0, 0, 1, 1, 0, 1, 1, 1, 0, 1, 0),
	(5, 'Тучные клетки имеют рецепторы\r\n', 'к Fc-фрагменту IgЕ\r\n', 'к Fc-фрагменту IgM\r\n', 'к Fаb-фрагменту IgM\r\n', 'к Fаb-фрагменту IgЕ\r\n', 0, 0, 1, 1, 0, 1, 1, 1, 0, 1, 0),
	(6, 'К бытовым аллергенам относятся\r\n', 'домашняя пыль\r\n', 'нейсерии\r\n', 'стафилококк\r\n', 'кандида\r\n', 0, 0, 1, 1, 0, 1, 1, 1, 0, 1, 0),
	(7, 'При бытовой аллергии усиление клинических проявлений возможно\r\n', 'во время ремонта в квартире \r\n', 'в период пыления растений \r\n', 'при употреблении в пищу цитрусовых  \r\n', 'при контакте с животными \r\n', 0, 0, 1, 1, 0, 1, 1, 1, 0, 1, 0),
	(8, 'Кожные пробы считаются достоверными, если\r\n', 'тест-контроль дал отрицательную, а гистамин - положительную реакцию \r\n', 'тест-контроль, гистамин и аллергены дали положительную реакцию \r\n', 'тест-контроль, гистамин и аллергены дали отрицательную реакцию\r\n', 'тест-контроль и гистамин дали отрицательную реакцию \r\n', 0, 0, 1, 1, 0, 1, 1, 1, 0, 1, 0),
	(9, 'Для первичного аллергологического обследования, как правило, в первую очередь применяют\r\n', 'скарификационные тесты \r\n', 'внутрикожные тесты\r\n', 'аппликационные тесты \r\n', 'провокационные тесты\r\n', 0, 0, 1, 1, 0, 1, 1, 1, 0, 1, 0),
	(10, 'Повышенные значения общего IgE характерны для\r\n', 'атопических заболеваний\r\n', 'иммунокомплексных заболеваний\r\n', 'вирусных заболеваний\r\n', 'контактного дерматита\r\n', 0, 0, 1, 1, 0, 1, 1, 1, 0, 1, 0),
	(11, 'Арахидоновая кислота отщепляется из мембранных фосфолипидов под воздействием\r\n', 'фосфолипазы А2\r\n', 'протеинкиназы С\r\n', 'фосфодиэстеразы\r\n', 'фосфолипазы D\r\n', 0, 0, 1, 1, 0, 1, 1, 1, 0, 1, 0),
	(12, 'Аллергологический анамнез при пыльцевой аллергии\r\n', 'позволяет предположить группу виновных аллергенов \r\n', 'позволяет выявить все виновные аллергены \r\n', 'позволяет исключить виновные аллергены \r\n', 'не играет роли \r\n', 0, 0, 1, 1, 0, 1, 1, 1, 0, 1, 0),
	(13, 'Аллергенных свойств нет у\r\n', 'физиологического раствора \r\n', 'эуфиллина \r\n', 'гентамицина\r\n', 'тримекаина \r\n', 0, 0, 1, 1, 0, 1, 1, 1, 0, 1, 0),
	(14, 'Обострение эпидермальной аллергии отмечается\r\n', 'при контакте с животными \r\n', 'в жаркую погоду \r\n', 'на фоне ОРВИ \r\n', 'в дождливую погоду \r\n', 0, 0, 1, 1, 0, 1, 1, 1, 0, 1, 0),
	(15, 'Противопоказанием к постановке кожных проб служит\r\n', 'обострение аллергического заболевания \r\n', 'ремиссия аллергического заболевания \r\n', 'умеренные клинические проявления хронического ринита\r\n', 'ремиссия атопического дерматита \r\n', 0, 0, 1, 1, 0, 1, 1, 1, 0, 1, 0),
	(16, 'Механизм, опосредующий развитие гиперчувствительности замедленного типа\r\n', 'сенсибилизированные Т-лимфоциты\r\n', 'NK-клетки\r\n', 'IgE\r\n', 'IgM и IgG\r\n', 0, 0, 1, 1, 0, 1, 1, 1, 0, 1, 0),
	(17, 'Участие гистамина в аллергических реакциях обусловлено способностью\r\n', 'повышать сосудистую проницаемость и сокращать гладкую мускулатуру\r\n', 'привлекать в зону аллергической реакции клетки-мишени II порядка\r\n', 'понижать сосудистую проницаемость и расслаблять гладкую мускулатуру\r\n', 'повышать температуру тела\r\n', 0, 0, 1, 1, 0, 1, 1, 1, 0, 1, 0),
	(18, 'К эпидермальным аллергенам относится\r\n', 'перхоть лошади\r\n', 'дерматофагоидес\r\n', 'библиотечная пыль\r\n', 'пыльца тимофеевки\r\n', 0, 0, 1, 1, 0, 1, 1, 1, 0, 1, 0),
	(19, 'При пыльцевой аллергии больные отмечают клинические проявления\r\n', 'в период пыления аллергических растений\r\n', 'круглый год \r\n', 'при контакте с домашней пылью \r\n', 'при укусе насекомых \r\n', 0, 0, 1, 1, 0, 1, 1, 1, 0, 1, 0),
	(20, 'Кожные аллергические пробы можно проводить в\r\n', 'период ремиссии заболевания \r\n', 'любой фазе заболевания \r\n', 'период обострения заболевания \r\n', 'период стихающего обострения \r\n', 0, 0, 1, 1, 0, 1, 1, 1, 0, 1, 0),
	(21, 'Контроль отрицательной реакции при постановке внутрикожных проб\r\n', 'проводят обязательно \r\n', 'проводят не обязательно \r\n', 'не проводят \r\n', 'проводят по показаниям\r\n', 0, 0, 1, 1, 0, 1, 1, 1, 0, 1, 0),
	(22, 'Оптимально больному на предплечье можно поставить кожные скарификационные тесты одновременно с\r\n', '10-12 аллергенами \r\n', '3-4 аллергенами \r\n', '18-20 аллергенами \r\n', 'количество аллергенов не имеет значения \r\n', 0, 0, 1, 1, 0, 1, 1, 1, 0, 1, 0),
	(23, 'Факторы, участвующие в развитии иммунокомплексных реакций\r\n', 'IgM и IgG\r\n', 'NK-клетки\r\n', 'IgE\r\n', 'сенсибилизированные Т-лимфоциты\r\n', 0, 0, 1, 1, 0, 1, 1, 1, 0, 1, 0),
	(24, 'Источником IgE при атопических заболеваниях являются\r\n', 'В-лимфоциты\r\n', 'Т-лимфоциты\r\n', 'тучные клетки\r\n', 'эозинофилы\r\n', 0, 0, 1, 1, 0, 1, 1, 1, 0, 1, 0),
	(25, 'Для дегрануляции тучных клеток при IgE-зависимых реакциях необходимо одновременное «сшивание» аллергеном\r\n', '2 соседних молекул IgE\r\n', '5 соседних молекул IgE\r\n', '3 соседних молекул IgE\r\n', 'рецепторов для комплемента\r\n', 0, 0, 1, 1, 0, 1, 1, 1, 0, 1, 0),
	(26, 'Сколько типов гистаминовых рецепторов у человека…\r\n', '4\r\n', '3\r\n', '1\r\n', '2\r\n', 0, 0, 1, 1, 0, 1, 1, 1, 0, 1, 0),
	(27, 'Аллергическую реакцию способен вызывать…\r\n', 'антибиотик\r\n', 'ультрафиолетовые/рентгеновские лучи\r\n', 'холод\r\n', 'физиологический раствор\r\n', 0, 0, 1, 1, 0, 1, 1, 1, 0, 1, 0),
	(28, 'Для исключения осложнений при кожном тестировании необходимо\r\n', 'проводить обследование вне обострения заболевания\r\n', 'отобрать аллергены\r\n', 'проводить обследование во время обострения заболевания\r\n', 'правильно обработать кожу  \r\n', 0, 0, 1, 1, 0, 1, 1, 1, 0, 1, 0),
	(29, 'Роль иммуноглобулина Е в развитии аллергических реакций\r\n', 'опосредует немедленные аллергические реакции\r\n', 'участвует в формировании иммунокомплексных аллергических реакций \r\n', 'участвует в формировании реакций гиперчувствительности замедленного типа\r\n', 'участвует в цитотоксических иммунных реакциях\r\n', 0, 0, 1, 1, 0, 1, 1, 1, 0, 1, 0),
	(30, 'Кожные пробы считаются ложноотрицательными, если\r\n', 'Т-контроль положительный, гистамин отрицательный, с аллергенами – отрицательный \r\n', 'Т-контроль положительный, гистамин положительный, с аллергенами – отрицательный\r\n', 'Т-контроль отрицательный, гистамин отрицательный, с аллергенами – отрицательный \r\n', 'Т-контроль положительный, гистамин положительный, с аллергенами – положительный\r\n', 0, 0, 1, 1, 0, 1, 1, 1, 0, 1, 0),
	(31, 'Псевдоаллергические реакции на пищевые продукты характеризуются  \r\n', 'дозозависимостью\r\n', 'наличием сенсибилизированных Т-лимфоцитов к пищевым аллергенам\r\n', 'наличием специфических IgE к пищевым аллергенам\r\n', 'более редким формированием у людей с хроническими заболеваниями желудочно-кишечного тракта\r\n', 0, 0, 1, 1, 0, 1, 1, 1, 0, 1, 0),
	(32, 'Эозинофилия периферической крови характерна для\r\n', 'истинных аллергических реакций немедленного типа\r\n', 'псевдоаллергических реакций\r\n', 'всех типов аллергических реакций\r\n', 'инсектной аллергии\r\n', 0, 0, 1, 1, 0, 1, 1, 1, 0, 1, 0),
	(33, 'Ультрафиолетовое излучение причиной аллергической реакции\r\n', 'не может быть\r\n', 'может быть \r\n', 'может быть, но только у детей\r\n', 'иногда может быть\r\n', 0, 0, 1, 1, 0, 1, 1, 1, 0, 1, 0),
	(34, 'Синтез простагландинов в организме тормозят \r\n', 'нестероидные противовоспалительные препараты\r\n', 'Н1-антигистаминные препараты   \r\n', 'Н2-антигистаминные препараты \r\n', 'блокаторы кальциевых каналов \r\n', 0, 0, 1, 1, 0, 1, 1, 1, 0, 1, 0),
	(35, 'Причиной псевдоаллергической реакции может быть\r\n', 'накопление гистамина в организме\r\n', 'снижение брадикинина\r\n', 'накопление специфических IgE\r\n', 'снижение гистамина в организме\r\n', 0, 0, 1, 1, 0, 1, 1, 1, 0, 1, 0),
	(36, 'Аллерген-специфическую иммунотерапию обычно проводят при…\r\n', 'атопических заболеваниях, когда невозможно исключить контакт с аллергеном \r\n', 'всех аллергических заболеваниях \r\n', 'иммуннокомплексных заболеваниях \r\n', 'пищевой аллергии\r\n', 0, 0, 1, 1, 0, 1, 1, 1, 0, 1, 0),
	(37, 'Реагинами являются\r\n', 'IgE\r\n', 'IgA\r\n', 'IgМ\r\n', 'IgG2\r\n', 0, 0, 1, 1, 0, 1, 1, 1, 0, 1, 0),
	(38, 'Кожные пробы считаются ложноположительными, если\r\n', 'Т-контроль положительный, гистамин положительный, с аллергенами – положительный \r\n', 'Т-контроль отрицательный, гистамин отрицательный, с аллергенами – положительный \r\n', 'Т-контроль отрицательный, гистамин положительный, с аллергенами – положительный\r\n', 'Т-контроль отрицательный, гистамин отрицательный, с аллергенами – отрицательный \r\n', 0, 0, 1, 1, 0, 1, 1, 1, 0, 1, 0),
	(39, 'Лейкотриены являются продуктами метаболизма\r\n', 'арахидоновой кислоты\r\n', 'фосфатидия иназитола\r\n', 'глицерола\r\n', 'нейраминовой кислоты\r\n', 0, 0, 1, 1, 0, 1, 1, 1, 0, 1, 0),
	(40, 'Простагландины являются продуктом\r\n', 'циклооксигеназного метаболизма арахидоновой кислоты\r\n', 'метоксигеназного метаболизма арахидоновой кислоты\r\n', 'триптазного метаболизма арахидоновой кислоты\r\n', 'липооксигеназного метаболизма арахидоновой кислоты\r\n', 0, 0, 1, 1, 0, 1, 1, 1, 0, 1, 0),
	(41, 'Дозозависимость характерна для\r\n', 'псевдоаллергических реакций\r\n', 'истинных аллергических реакций немедленного типа\r\n', 'всех типов аллергических реакций\r\n', 'инсектной аллергии\r\n', 0, 0, 1, 1, 0, 1, 1, 1, 0, 1, 0),
	(42, 'Клинические симптомы при первичном введении аллергена могут возникнуть при\r\n', 'псевдоаллергических реакциях\r\n', 'истинных аллергических реакций немедленного типа\r\n', 'всех типах аллергических реакций\r\n', 'введении только рентгеноконтрастных препаратов\r\n', 0, 0, 1, 1, 0, 1, 1, 1, 0, 1, 0),
	(43, 'Провокационный назальный тест применяют в диагностике\r\n', 'бытовой аллергии \r\n', 'пищевой аллергии \r\n', 'лекарственной аллергии \r\n', 'бактериальной аллергии \r\n', 0, 0, 1, 1, 0, 1, 1, 1, 0, 1, 0),
	(44, 'Если симптомы аллергического ринита имеют место у больного менее 4 недель в течение года, заболевание классифицируется как\r\n', 'интермиттирующий аллергический ринит\r\n', 'острый аллергический ринит\r\n', 'персистирующий аллергический ринит\r\n', 'токсический аллергический ринит\r\n', 0, 0, 1, 1, 0, 1, 1, 1, 0, 1, 0),
	(45, 'Атопическая бронхиальная астма с пыльцевой сенсибилизацией чаще всего сочетается \r\n', 'с ринитом, конъюнктивитом \r\n', 'с аллергическим контактным дерматитом \r\n', 'с аллергическим гастритом \r\n', 'с мигренью\r\n', 0, 0, 1, 1, 0, 1, 1, 1, 0, 1, 0),
	(46, 'Для быстрого купирования симптомов бронхиальной астмы больным используется\r\n', 'ингаляционный бета 2-агонист короткого действия\r\n', 'ингаляционный глюкокортикостероид\r\n', 'антигистаминный препарат нового поколения\r\n', 'вынужденное положение\r\n', 0, 0, 1, 1, 0, 1, 1, 1, 0, 1, 0),
	(47, 'Антигистаминные средства в лечении бронхиальной астмы (БА)\r\n', 'могут использоваться, если БА сочетается с аллергическим ринитом\r\n', 'используются в качестве средства базисной терапии при среднетяжелой БА\r\n', 'используются в качестве средства базисной терапии при легкой БА\r\n', 'противопоказаны\r\n', 0, 0, 1, 1, 0, 1, 1, 1, 0, 1, 0),
	(48, 'Провокационный ингаляционный тест применяют для специфической диагностики\r\n', 'пыльцевой бронхиальной астмы \r\n', 'пыльцевого аллергического ринита \r\n', 'пыльцевого аллергического конъюнктивита \r\n', 'атопического дерматита \r\n', 0, 0, 1, 1, 0, 1, 1, 1, 0, 1, 0),
	(49, 'Реагиновый механизм лежит в основе следующих заболеваний органов дыхания\r\n', 'атопической бронхиальной астмы\r\n', '«аспириновой» астмы\r\n', 'ХОБЛ\r\n', 'экзогенного аллергического альвеолита\r\n', 0, 0, 1, 1, 0, 1, 1, 1, 0, 1, 0),
	(50, 'Неаллергическое заболевание кожи\r\n', 'саркома Капоши\r\n', 'атопический дерматит\r\n', 'крапивница и отек Квинке\r\n', 'острые токсико-аллергические реакции\r\n', 0, 0, 1, 1, 0, 1, 1, 1, 0, 1, 0),
	(51, 'Медиаторы ранней фазы при гиперчувствительности замедленного типа\r\n', 'цитокины\r\n', 'лейкотриены В4 и D4\r\n', 'гистамин и кислые гидралазы\r\n', 'простагландины\r\n', 0, 0, 1, 1, 0, 1, 1, 1, 0, 1, 0),
	(52, 'Медиаторы ранней фазы при гиперчувствительности немедленного типа\r\n', 'гистамин и кислые гидралазы\r\n', 'лейкотриены В4 и D4\r\n', 'простагландины\r\n', 'цитокины\r\n', 0, 0, 1, 1, 0, 1, 1, 1, 0, 1, 0),
	(53, 'Основными клетками, участвующими в формировании аллергического воспаления, являются\r\n', 'эозинофилы\r\n', 'Т-лимфоциты\r\n', 'В-лимфоциты\r\n', 'нейтрофилы\r\n', 0, 0, 1, 1, 0, 1, 1, 1, 0, 1, 0),
	(54, 'В базофилах и тучных клетках предсуществуют следующие медиаторы\r\n', 'гистамин\r\n', 'лейкотриены С4, D4, E4\r\n', 'фактор, активирующий тромбоциты (ФАТ)\r\n', 'простагландины\r\n', 0, 0, 1, 1, 0, 1, 1, 1, 0, 1, 0),
	(55, 'Тучные клетки имеют рецепторы\r\n', 'к Fc-фрагменту IgЕ\r\n', 'к Fc-фрагменту IgM\r\n', 'к Fаb-фрагменту IgM\r\n', 'к Fаb-фрагменту IgЕ\r\n', 0, 0, 1, 1, 0, 1, 1, 1, 0, 1, 0),
	(56, 'К бытовым аллергенам относятся\r\n', 'домашняя пыль\r\n', 'нейсерии\r\n', 'стафилококк\r\n', 'кандида\r\n', 0, 0, 1, 1, 0, 1, 1, 1, 0, 1, 0),
	(57, 'При бытовой аллергии усиление клинических проявлений возможно\r\n', 'во время ремонта в квартире \r\n', 'в период пыления растений \r\n', 'при употреблении в пищу цитрусовых  \r\n', 'при контакте с животными \r\n', 0, 0, 1, 1, 0, 1, 1, 1, 0, 1, 0),
	(58, 'Кожные пробы считаются достоверными, если\r\n', 'тест-контроль дал отрицательную, а гистамин - положительную реакцию \r\n', 'тест-контроль, гистамин и аллергены дали положительную реакцию \r\n', 'тест-контроль, гистамин и аллергены дали отрицательную реакцию\r\n', 'тест-контроль и гистамин дали отрицательную реакцию \r\n', 0, 0, 1, 1, 0, 1, 1, 1, 0, 1, 0),
	(59, 'Для первичного аллергологического обследования, как правило, в первую очередь применяют\r\n', 'скарификационные тесты \r\n', 'внутрикожные тесты\r\n', 'аппликационные тесты \r\n', 'провокационные тесты\r\n', 0, 0, 1, 1, 0, 1, 1, 1, 0, 1, 0),
	(60, 'Повышенные значения общего IgE характерны для\r\n', 'атопических заболеваний\r\n', 'иммунокомплексных заболеваний\r\n', 'вирусных заболеваний\r\n', 'контактного дерматита\r\n', 0, 0, 1, 1, 0, 1, 1, 1, 0, 1, 0),
	(61, 'Арахидоновая кислота отщепляется из мембранных фосфолипидов под воздействием\r\n', 'фосфолипазы А2\r\n', 'протеинкиназы С\r\n', 'фосфодиэстеразы\r\n', 'фосфолипазы D\r\n', 0, 0, 1, 1, 0, 1, 1, 1, 0, 1, 0),
	(62, 'Аллергологический анамнез при пыльцевой аллергии\r\n', 'позволяет предположить группу виновных аллергенов \r\n', 'позволяет выявить все виновные аллергены \r\n', 'позволяет исключить виновные аллергены \r\n', 'не играет роли \r\n', 0, 0, 1, 1, 0, 1, 1, 1, 0, 1, 0),
	(63, 'Аллергенных свойств нет у\r\n', 'физиологического раствора \r\n', 'эуфиллина \r\n', 'гентамицина\r\n', 'тримекаина \r\n', 0, 0, 1, 1, 0, 1, 1, 1, 0, 1, 0),
	(64, 'Обострение эпидермальной аллергии отмечается\r\n', 'при контакте с животными \r\n', 'в жаркую погоду \r\n', 'на фоне ОРВИ \r\n', 'в дождливую погоду \r\n', 0, 0, 1, 1, 0, 1, 1, 1, 0, 1, 0),
	(65, 'Противопоказанием к постановке кожных проб служит\r\n', 'обострение аллергического заболевания \r\n', 'ремиссия аллергического заболевания \r\n', 'умеренные клинические проявления хронического ринита\r\n', 'ремиссия атопического дерматита \r\n', 0, 0, 1, 1, 0, 1, 1, 1, 0, 1, 0),
	(66, 'Механизм, опосредующий развитие гиперчувствительности замедленного типа\r\n', 'сенсибилизированные Т-лимфоциты\r\n', 'NK-клетки\r\n', 'IgE\r\n', 'IgM и IgG\r\n', 0, 0, 1, 1, 0, 1, 1, 1, 0, 1, 0),
	(67, 'Участие гистамина в аллергических реакциях обусловлено способностью\r\n', 'повышать сосудистую проницаемость и сокращать гладкую мускулатуру\r\n', 'привлекать в зону аллергической реакции клетки-мишени II порядка\r\n', 'понижать сосудистую проницаемость и расслаблять гладкую мускулатуру\r\n', 'повышать температуру тела\r\n', 0, 0, 1, 1, 0, 1, 1, 1, 0, 1, 0),
	(68, 'К эпидермальным аллергенам относится\r\n', 'перхоть лошади\r\n', 'дерматофагоидес\r\n', 'библиотечная пыль\r\n', 'пыльца тимофеевки\r\n', 0, 0, 1, 1, 0, 1, 1, 1, 0, 1, 0),
	(69, 'При пыльцевой аллергии больные отмечают клинические проявления\r\n', 'в период пыления аллергических растений\r\n', 'круглый год \r\n', 'при контакте с домашней пылью \r\n', 'при укусе насекомых \r\n', 0, 0, 1, 1, 0, 1, 1, 1, 0, 1, 0),
	(70, 'Кожные аллергические пробы можно проводить в\r\n', 'период ремиссии заболевания \r\n', 'любой фазе заболевания \r\n', 'период обострения заболевания \r\n', 'период стихающего обострения \r\n', 0, 0, 1, 1, 0, 1, 1, 1, 0, 1, 0),
	(71, 'Контроль отрицательной реакции при постановке внутрикожных проб\r\n', 'проводят обязательно \r\n', 'проводят не обязательно \r\n', 'не проводят \r\n', 'проводят по показаниям\r\n', 0, 0, 1, 1, 0, 1, 1, 1, 0, 1, 0),
	(72, 'Оптимально больному на предплечье можно поставить кожные скарификационные тесты одновременно с\r\n', '10-12 аллергенами \r\n', '3-4 аллергенами \r\n', '18-20 аллергенами \r\n', 'количество аллергенов не имеет значения \r\n', 0, 0, 1, 1, 0, 1, 1, 1, 0, 1, 0),
	(73, 'Факторы, участвующие в развитии иммунокомплексных реакций\r\n', 'IgM и IgG\r\n', 'NK-клетки\r\n', 'IgE\r\n', 'сенсибилизированные Т-лимфоциты\r\n', 0, 0, 1, 1, 0, 1, 1, 1, 0, 1, 0),
	(74, 'Источником IgE при атопических заболеваниях являются\r\n', 'В-лимфоциты\r\n', 'Т-лимфоциты\r\n', 'тучные клетки\r\n', 'эозинофилы\r\n', 0, 0, 1, 1, 0, 1, 1, 1, 0, 1, 0),
	(75, 'Для дегрануляции тучных клеток при IgE-зависимых реакциях необходимо одновременное «сшивание» аллергеном\r\n', '2 соседних молекул IgE\r\n', '5 соседних молекул IgE\r\n', '3 соседних молекул IgE\r\n', 'рецепторов для комплемента\r\n', 0, 0, 1, 1, 0, 1, 1, 1, 0, 1, 0),
	(76, 'Сколько типов гистаминовых рецепторов у человека…\r\n', '4\r\n', '3\r\n', '1\r\n', '2\r\n', 0, 0, 1, 1, 0, 1, 1, 1, 0, 1, 0),
	(77, 'Аллергическую реакцию способен вызывать…\r\n', 'антибиотик\r\n', 'ультрафиолетовые/рентгеновские лучи\r\n', 'холод\r\n', 'физиологический раствор\r\n', 0, 0, 1, 1, 0, 1, 1, 1, 0, 1, 0),
	(78, 'Для исключения осложнений при кожном тестировании необходимо\r\n', 'проводить обследование вне обострения заболевания\r\n', 'отобрать аллергены\r\n', 'проводить обследование во время обострения заболевания\r\n', 'правильно обработать кожу  \r\n', 0, 0, 1, 1, 0, 1, 1, 1, 0, 1, 0),
	(79, 'Роль иммуноглобулина Е в развитии аллергических реакций\r\n', 'опосредует немедленные аллергические реакции\r\n', 'участвует в формировании иммунокомплексных аллергических реакций \r\n', 'участвует в формировании реакций гиперчувствительности замедленного типа\r\n', 'участвует в цитотоксических иммунных реакциях\r\n', 0, 0, 1, 1, 0, 1, 1, 1, 0, 1, 0),
	(80, 'Кожные пробы считаются ложноотрицательными, если\r\n', 'Т-контроль положительный, гистамин отрицательный, с аллергенами – отрицательный \r\n', 'Т-контроль положительный, гистамин положительный, с аллергенами – отрицательный\r\n', 'Т-контроль отрицательный, гистамин отрицательный, с аллергенами – отрицательный \r\n', 'Т-контроль положительный, гистамин положительный, с аллергенами – положительный\r\n', 0, 0, 1, 1, 0, 1, 1, 1, 0, 1, 0),
	(81, 'Псевдоаллергические реакции на пищевые продукты характеризуются  \r\n', 'дозозависимостью\r\n', 'наличием сенсибилизированных Т-лимфоцитов к пищевым аллергенам\r\n', 'наличием специфических IgE к пищевым аллергенам\r\n', 'более редким формированием у людей с хроническими заболеваниями желудочно-кишечного тракта\r\n', 0, 0, 1, 1, 0, 1, 1, 1, 0, 1, 0),
	(82, 'Эозинофилия периферической крови характерна для\r\n', 'истинных аллергических реакций немедленного типа\r\n', 'псевдоаллергических реакций\r\n', 'всех типов аллергических реакций\r\n', 'инсектной аллергии\r\n', 0, 0, 1, 1, 0, 1, 1, 1, 0, 1, 0),
	(83, 'Ультрафиолетовое излучение причиной аллергической реакции\r\n', 'не может быть\r\n', 'может быть \r\n', 'может быть, но только у детей\r\n', 'иногда может быть\r\n', 0, 0, 1, 1, 0, 1, 1, 1, 0, 1, 0),
	(84, 'Синтез простагландинов в организме тормозят \r\n', 'нестероидные противовоспалительные препараты\r\n', 'Н1-антигистаминные препараты   \r\n', 'Н2-антигистаминные препараты \r\n', 'блокаторы кальциевых каналов \r\n', 0, 0, 1, 1, 0, 1, 1, 1, 0, 1, 0),
	(85, 'Причиной псевдоаллергической реакции может быть\r\n', 'накопление гистамина в организме\r\n', 'снижение брадикинина\r\n', 'накопление специфических IgE\r\n', 'снижение гистамина в организме\r\n', 0, 0, 1, 1, 0, 1, 1, 1, 0, 1, 0),
	(86, 'Аллерген-специфическую иммунотерапию обычно проводят при…\r\n', 'атопических заболеваниях, когда невозможно исключить контакт с аллергеном \r\n', 'всех аллергических заболеваниях \r\n', 'иммуннокомплексных заболеваниях \r\n', 'пищевой аллергии\r\n', 0, 0, 1, 1, 0, 1, 1, 1, 0, 1, 0),
	(87, 'Реагинами являются\r\n', 'IgE\r\n', 'IgA\r\n', 'IgМ\r\n', 'IgG2\r\n', 0, 0, 1, 1, 0, 1, 1, 1, 0, 1, 0),
	(88, 'Кожные пробы считаются ложноположительными, если\r\n', 'Т-контроль положительный, гистамин положительный, с аллергенами – положительный \r\n', 'Т-контроль отрицательный, гистамин отрицательный, с аллергенами – положительный \r\n', 'Т-контроль отрицательный, гистамин положительный, с аллергенами – положительный\r\n', 'Т-контроль отрицательный, гистамин отрицательный, с аллергенами – отрицательный \r\n', 0, 0, 1, 1, 0, 1, 1, 1, 0, 1, 0),
	(89, 'Лейкотриены являются продуктами метаболизма\r\n', 'арахидоновой кислоты\r\n', 'фосфатидия иназитола\r\n', 'глицерола\r\n', 'нейраминовой кислоты\r\n', 0, 0, 1, 1, 0, 1, 1, 1, 0, 1, 0),
	(90, 'Простагландины являются продуктом\r\n', 'циклооксигеназного метаболизма арахидоновой кислоты\r\n', 'метоксигеназного метаболизма арахидоновой кислоты\r\n', 'триптазного метаболизма арахидоновой кислоты\r\n', 'липооксигеназного метаболизма арахидоновой кислоты\r\n', 0, 0, 1, 1, 0, 1, 1, 1, 0, 1, 0),
	(91, 'Дозозависимость характерна для\r\n', 'псевдоаллергических реакций\r\n', 'истинных аллергических реакций немедленного типа\r\n', 'всех типов аллергических реакций\r\n', 'инсектной аллергии\r\n', 0, 0, 1, 1, 0, 1, 1, 1, 0, 1, 0),
	(92, 'Клинические симптомы при первичном введении аллергена могут возникнуть при\r\n', 'псевдоаллергических реакциях\r\n', 'истинных аллергических реакций немедленного типа\r\n', 'всех типах аллергических реакций\r\n', 'введении только рентгеноконтрастных препаратов\r\n', 0, 0, 1, 1, 0, 1, 1, 1, 0, 1, 0),
	(93, 'Провокационный назальный тест применяют в диагностике\r\n', 'бытовой аллергии \r\n', 'пищевой аллергии \r\n', 'лекарственной аллергии \r\n', 'бактериальной аллергии \r\n', 0, 0, 1, 1, 0, 1, 1, 1, 0, 1, 0),
	(94, 'Если симптомы аллергического ринита имеют место у больного менее 4 недель в течение года, заболевание классифицируется как\r\n', 'интермиттирующий аллергический ринит\r\n', 'острый аллергический ринит\r\n', 'персистирующий аллергический ринит\r\n', 'токсический аллергический ринит\r\n', 0, 0, 1, 1, 0, 1, 1, 1, 0, 1, 0),
	(95, 'Атопическая бронхиальная астма с пыльцевой сенсибилизацией чаще всего сочетается \r\n', 'с ринитом, конъюнктивитом \r\n', 'с аллергическим контактным дерматитом \r\n', 'с аллергическим гастритом \r\n', 'с мигренью\r\n', 0, 0, 1, 1, 0, 1, 1, 1, 0, 1, 0),
	(96, 'Для быстрого купирования симптомов бронхиальной астмы больным используется\r\n', 'ингаляционный бета 2-агонист короткого действия\r\n', 'ингаляционный глюкокортикостероид\r\n', 'антигистаминный препарат нового поколения\r\n', 'вынужденное положение\r\n', 0, 0, 1, 1, 0, 1, 1, 1, 0, 1, 0),
	(97, 'Антигистаминные средства в лечении бронхиальной астмы (БА)\r\n', 'могут использоваться, если БА сочетается с аллергическим ринитом\r\n', 'используются в качестве средства базисной терапии при среднетяжелой БА\r\n', 'используются в качестве средства базисной терапии при легкой БА\r\n', 'противопоказаны\r\n', 0, 0, 1, 1, 0, 1, 1, 1, 0, 1, 0),
	(98, 'Провокационный ингаляционный тест применяют для специфической диагностики\r\n', 'пыльцевой бронхиальной астмы \r\n', 'пыльцевого аллергического ринита \r\n', 'пыльцевого аллергического конъюнктивита \r\n', 'атопического дерматита \r\n', 0, 0, 1, 1, 0, 1, 1, 1, 0, 1, 0),
	(99, 'Реагиновый механизм лежит в основе следующих заболеваний органов дыхания\r\n', 'атопической бронхиальной астмы\r\n', '«аспириновой» астмы\r\n', 'ХОБЛ\r\n', 'экзогенного аллергического альвеолита\r\n', 0, 0, 1, 1, 0, 1, 1, 1, 0, 1, 0),
	(100, 'Неаллергическое заболевание кожи\r\n', 'саркома Капоши\r\n', 'атопический дерматит\r\n', 'крапивница и отек Квинке\r\n', 'острые токсико-аллергические реакции\r\n', 0, 0, 1, 1, 0, 1, 1, 1, 0, 1, 0);
/*!40000 ALTER TABLE `quiz_temp` ENABLE KEYS */;

-- Дамп структуры для таблица kaf.quiz_topics
CREATE TABLE IF NOT EXISTS `quiz_topics` (
  `id` int(11) NOT NULL AUTO_INCREMENT,
  `quiz_id` int(11) NOT NULL DEFAULT '0',
  `topic_id` int(11) NOT NULL DEFAULT '0',
  KEY `Индекс 1` (`id`),
  KEY `FK_quizTopics_quiz` (`quiz_id`),
  KEY `FK_quizTopics_topics` (`topic_id`),
  CONSTRAINT `FK_quizTopics_quiz` FOREIGN KEY (`quiz_id`) REFERENCES `quiz` (`id`),
  CONSTRAINT `FK_quizTopics_topics` FOREIGN KEY (`topic_id`) REFERENCES `topics` (`id`)
) ENGINE=InnoDB AUTO_INCREMENT=42 DEFAULT CHARSET=utf8;

-- Дамп данных таблицы kaf.quiz_topics: ~16 rows (приблизительно)
/*!40000 ALTER TABLE `quiz_topics` DISABLE KEYS */;
INSERT INTO `quiz_topics` (`id`, `quiz_id`, `topic_id`) VALUES
	(6, 59, 12),
	(21, 54, 3),
	(24, 60, 14),
	(25, 60, 15),
	(26, 60, 2),
	(27, 50, 8),
	(28, 61, 1),
	(29, 61, 15),
	(30, 61, 2),
	(31, 38, 1),
	(32, 36, 1),
	(33, 34, 1),
	(34, 31, 1),
	(35, 26, 1),
	(36, 20, 1),
	(37, 18, 1),
	(38, 6, 1),
	(39, 3, 1),
	(40, 1, 1),
	(41, 8, 1);
/*!40000 ALTER TABLE `quiz_topics` ENABLE KEYS */;

-- Дамп структуры для таблица kaf.reclass
CREATE TABLE IF NOT EXISTS `reclass` (
  `id` int(11) NOT NULL AUTO_INCREMENT,
  `name` varchar(100) NOT NULL,
  `email` varchar(100) NOT NULL,
  `faculty` int(2) NOT NULL,
  `group_number` int(2) NOT NULL,
  `topic` varchar(100) NOT NULL,
  `timestamp` timestamp NOT NULL DEFAULT CURRENT_TIMESTAMP ON UPDATE CURRENT_TIMESTAMP,
  PRIMARY KEY (`id`)
) ENGINE=InnoDB AUTO_INCREMENT=15 DEFAULT CHARSET=utf8;

-- Дамп данных таблицы kaf.reclass: ~14 rows (приблизительно)
/*!40000 ALTER TABLE `reclass` DISABLE KEYS */;
INSERT INTO `reclass` (`id`, `name`, `email`, `faculty`, `group_number`, `topic`, `timestamp`) VALUES
	(1, 'Петров Василий sa', 'asklyausov@volgmed.ru', 1, 3, 'afsdfa', '2020-07-22 21:30:46'),
	(2, 'Пqwrетров Василий sa', 'asklyausov@volgmed.ru', 1, 3, 'afsdfa', '2020-07-22 21:31:34'),
	(3, 'Пqwrетров Василий sa', 'asklyausov@volgmed.ru', 1, 3, 'afsdfa', '2020-07-22 22:29:42'),
	(4, 'Пqwrетров Василий sa', 'asklyausov@volgmed.ru', 1, 3, 'afsdfa', '2020-07-22 22:40:37'),
	(5, 'Пqwrетров Василий sa', 'asklyausov@volgmed.ru', 1, 3, 'afsdfa', '2020-07-22 22:43:24'),
	(6, 'Пqwrетров Василий sa', 'asklyausov@volgmed.ru', 1, 3, 'afsdfa', '2020-07-22 22:43:58'),
	(7, 'Пqwrетров Василий sa', 'asklyausov@volgmed.ru', 1, 3, 'afsdfa', '2020-07-22 22:45:02'),
	(8, 'Пqwrетров Василий sa', 'asklyausov@volgmed.ru', 1, 3, 'afsdfa', '2020-07-22 22:45:33'),
	(9, 'Пqwrетров Василий sa', 'asklyausov@volgmed.ru', 1, 3, 'afsdfa', '2020-07-22 22:45:52'),
	(10, 'Пqwrетров Василий sa', 'asklyausov@volgmed.ru', 1, 3, 'afsdfa', '2020-07-22 22:46:38'),
	(11, 'Пqwrетров Василий sa', 'asklyausov@volgmed.ru', 1, 3, 'afsdfa', '2020-07-22 22:46:49'),
	(12, 'Пqwrетров Василий sa', 'asklyausov@volgmed.ru', 1, 3, 'afsdfa', '2020-07-22 22:47:45'),
	(13, 'Пqwrетров Василий sa', 'asklyausov@volgmed.ru', 1, 3, 'afsdfa', '2020-07-22 22:50:57'),
	(14, 'Пqwrетров Василий sa', 'asklyausov@volgmed.ru', 1, 3, 'afsdfa', '2020-07-22 22:52:13');
/*!40000 ALTER TABLE `reclass` ENABLE KEYS */;

-- Дамп структуры для таблица kaf.topics
CREATE TABLE IF NOT EXISTS `topics` (
  `id` int(11) NOT NULL AUTO_INCREMENT,
  `course_id` int(11) DEFAULT NULL,
  `t_number` int(2) NOT NULL,
  `t_name` varchar(200) NOT NULL,
  `semester` int(2) DEFAULT NULL,
  `updated_at` timestamp NULL DEFAULT CURRENT_TIMESTAMP ON UPDATE CURRENT_TIMESTAMP,
  `block` int(1) DEFAULT NULL,
  PRIMARY KEY (`id`),
  KEY `FK_course` (`course_id`),
  CONSTRAINT `FK_topics_course` FOREIGN KEY (`course_id`) REFERENCES `courses` (`id`)
) ENGINE=InnoDB AUTO_INCREMENT=16 DEFAULT CHARSET=utf8;

-- Дамп данных таблицы kaf.topics: ~10 rows (приблизительно)
/*!40000 ALTER TABLE `topics` DISABLE KEYS */;
INSERT INTO `topics` (`id`, `course_id`, `t_number`, `t_name`, `semester`, `updated_at`, `block`) VALUES
	(1, 1, 1, 'Введение в иммунологию', 1, '2020-09-27 21:54:40', 1),
	(2, 2, 2, 'Введение в аллергологию', 2, '2020-09-19 18:13:39', NULL),
	(3, 3, 1, 'Введение в иммунологию./~#$$%`', 1, '2020-09-19 18:20:32', NULL),
	(4, 1, 2, 'fddfddaSDавфыа', 1, '2020-09-27 21:54:43', 1),
	(8, 1, 4, 'rqewrqwerq', 1, '2020-09-17 19:20:30', NULL),
	(9, 3, 2, 'Антигены', 1, '2020-09-17 19:20:30', NULL),
	(12, 1, 5, 'gdfsg55 zbzbvvc', 1, '2020-09-23 20:56:49', NULL),
	(13, 1, 3, 'gsfdsfgsdf', 1, '2020-09-27 21:54:46', 1),
	(14, 5, 1, 'уйцуйц', 1, '2020-09-25 22:48:35', NULL),
	(15, 3, 1, 'аываыв', 2, '2020-09-25 22:49:34', NULL);
/*!40000 ALTER TABLE `topics` ENABLE KEYS */;

-- Дамп структуры для таблица kaf.t_questions
CREATE TABLE IF NOT EXISTS `t_questions` (
  `id` int(11) NOT NULL AUTO_INCREMENT,
  `question` varchar(500) NOT NULL,
  PRIMARY KEY (`id`)
) ENGINE=InnoDB DEFAULT CHARSET=utf8;

-- Дамп данных таблицы kaf.t_questions: ~0 rows (приблизительно)
/*!40000 ALTER TABLE `t_questions` DISABLE KEYS */;
/*!40000 ALTER TABLE `t_questions` ENABLE KEYS */;

-- Дамп структуры для таблица kaf.users
CREATE TABLE IF NOT EXISTS `users` (
  `id` int(11) NOT NULL AUTO_INCREMENT,
  `group` enum('admin','laborant','instructor') NOT NULL,
  `email` varchar(50) DEFAULT NULL,
  `password` varchar(200) DEFAULT NULL,
  `firstname` varchar(50) DEFAULT NULL,
  `secondname` varchar(50) NOT NULL,
  `lastname` varchar(50) DEFAULT NULL,
  `lastlogin` timestamp NOT NULL DEFAULT CURRENT_TIMESTAMP ON UPDATE CURRENT_TIMESTAMP,
  `created_at` datetime DEFAULT CURRENT_TIMESTAMP ON UPDATE CURRENT_TIMESTAMP,
  `updated_at` timestamp NULL DEFAULT CURRENT_TIMESTAMP ON UPDATE CURRENT_TIMESTAMP,
  PRIMARY KEY (`id`)
) ENGINE=InnoDB AUTO_INCREMENT=4 DEFAULT CHARSET=utf8;

-- Дамп данных таблицы kaf.users: ~3 rows (приблизительно)
/*!40000 ALTER TABLE `users` DISABLE KEYS */;
INSERT INTO `users` (`id`, `group`, `email`, `password`, `firstname`, `secondname`, `lastname`, `lastlogin`, `created_at`, `updated_at`) VALUES
	(1, 'admin', 'ak-flash@mail.ru', '$2y$10$mGrEKuInvYUrbVcdEYfJ1.1/mlSWGDfneebfkbySCa11AL.UhBmFm', 'Андрей', 'Сергеевич', 'Кляусов', '2020-09-17 22:55:01', '2020-09-17 22:55:01', '2020-09-17 22:55:01'),
	(2, 'laborant', 'laborant@test.ru', '$2y$12$GODKPp0Vqz0.A/N27lm5t.QfhMzb5hCo8QwGsQ8qnFXpGRMHXuKCG', '', '', 'Лаборант кафедры', '2020-09-17 22:58:44', '2020-09-17 22:58:44', '2020-09-17 22:58:44'),
	(3, 'instructor', 'ak33flash@mail.ru', '$2y$10$mGrEKuInvYUrbVcdEYfJ1.1/mlSWGDfneebfkbySCa11AL.UhBmFm', '', '', 'Преподаватель', '2020-09-30 00:59:51', '2020-09-30 00:59:51', '2020-09-30 00:59:51');
/*!40000 ALTER TABLE `users` ENABLE KEYS */;

/*!40101 SET SQL_MODE=IFNULL(@OLD_SQL_MODE, '') */;
/*!40014 SET FOREIGN_KEY_CHECKS=IF(@OLD_FOREIGN_KEY_CHECKS IS NULL, 1, @OLD_FOREIGN_KEY_CHECKS) */;
/*!40101 SET CHARACTER_SET_CLIENT=@OLD_CHARACTER_SET_CLIENT */;
